date,cash,total_value,market_value,unit_net_value,units,static_unit_net_value
2018-01-02,11431.1771,999209.7771,987778.6,0.99921,1000000.0,1.0
2018-01-03,11431.1771,1008550.2771,997119.1,1.00855,1000000.0,0.9992
2018-01-04,11431.1771,1016811.2371,1005380.06,1.016811,1000000.0,1.0086
2018-01-05,11431.1771,1027746.4371,1016315.26,1.027746,1000000.0,1.0168
2018-01-08,6082.0671,1028917.1071,1022835.04,1.028917,1000000.0,1.0277
2018-01-09,6082.0671,1022068.2871,1015986.22,1.022068,1000000.0,1.0289
2018-01-10,6082.0671,1017287.6071,1011205.54,1.017288,1000000.0,1.0221
2018-01-11,6082.0671,1020752.0171,1014669.95,1.020752,1000000.0,1.0173
2018-01-12,6082.0671,1018722.5771,1012640.51,1.018723,1000000.0,1.0208
2018-01-15,4149.076,1003602.486,999453.41,1.003602,1000000.0,1.0187
2018-01-16,4149.076,1004138.796,999989.72,1.004139,1000000.0,1.0036
2018-01-17,4149.076,1005287.786,1001138.71,1.005288,1000000.0,1.0041
2018-01-18,4149.076,1010248.526,1006099.45,1.010249,1000000.0,1.0053
2018-01-19,4149.076,1015975.556,1011826.48,1.015976,1000000.0,1.0102
2018-01-22,6969.8795,1028323.6095,1021353.73,1.028324,1000000.0,1.016
2018-01-23,6969.8795,1034080.2395,1027110.36,1.03408,1000000.0,1.0283
2018-01-24,6969.8795,1044126.3495,1037156.47,1.044126,1000000.0,1.0341
2018-01-25,6969.8795,1055736.9495,1048767.07,1.055737,1000000.0,1.0441
2018-01-26,6969.8795,1053474.5595,1046504.68,1.053475,1000000.0,1.0557
2018-01-29,8244.7164,1039966.9264,1031722.21,1.039967,1000000.0,1.0535
2018-01-30,8244.7164,1035459.5364,1027214.82,1.03546,1000000.0,1.04
2018-01-31,8244.7164,1028138.7364,1019894.02,1.028139,1000000.0,1.0355
2018-02-01,8244.7164,1012432.4364,1004187.72,1.012432,1000000.0,1.0281
2018-02-02,8244.7164,1014258.3664,1006013.65,1.014258,1000000.0,1.0124
2018-02-05,5407.4996,1014377.0196,1008969.52,1.014377,1000000.0,1.0143
2018-02-06,5407.4996,1002181.4596,996773.96,1.002181,1000000.0,1.0144
2018-02-07,5407.4996,1001096.0496,995688.55,1.001096,1000000.0,1.0022
2018-02-08,5407.4996,1005377.6196,999970.12,1.005378,1000000.0,1.0011
2018-02-09,5407.4996,990804.5396,985397.04,0.990805,1000000.0,1.0054
2018-02-12,2089.4171,1006043.1071,1003953.69,1.006043,1000000.0,0.9908
2018-02-13,2089.4171,1010452.7971,1008363.38,1.010453,1000000.0,1.006
2018-02-14,2089.4171,1011719.6071,1009630.19,1.01172,1000000.0,1.0105
2018-02-22,4965.2396,1018439.1996,1013473.96,1.018439,1000000.0,1.0117
2018-02-23,4965.2396,1016883.2696,1011918.03,1.016883,1000000.0,1.0184
2018-02-26,4924.0537,1026935.6137,1022011.56,1.026936,1000000.0,1.0169
2018-02-27,4924.0537,1025927.3437,1021003.29,1.025927,1000000.0,1.0269
2018-02-28,4924.0537,1024012.9137,1019088.86,1.024013,1000000.0,1.0259
2018-03-01,4924.0537,1028659.5737,1023735.52,1.02866,1000000.0,1.024
2018-03-02,4924.0537,1026152.3137,1021228.26,1.026152,1000000.0,1.0287
2018-03-05,5664.6249,1026069.3749,1020404.75,1.026069,1000000.0,1.0262
2018-03-06,5664.6249,1024592.8249,1018928.2,1.024593,1000000.0,1.0261
2018-03-07,5664.6249,1023878.3249,1018213.7,1.023878,1000000.0,1.0246
2018-03-08,5664.6249,1024980.3049,1019315.68,1.02498,1000000.0,1.0239
2018-03-09,5664.6249,1031145.1649,1025480.54,1.031145,1000000.0,1.025
2018-03-12,8664.1282,1037286.7182,1028622.59,1.037287,1000000.0,1.0311
2018-03-13,8664.1282,1041262.8782,1032598.75,1.041263,1000000.0,1.0373
2018-03-14,8664.1282,1036348.8282,1027684.7,1.036349,1000000.0,1.0413
2018-03-15,8664.1282,1033524.7382,1024860.61,1.033525,1000000.0,1.0363
2018-03-16,8664.1282,1035161.9082,1026497.78,1.035162,1000000.0,1.0335
2018-03-19,7892.2074,1036164.4474,1028272.24,1.036164,1000000.0,1.0352
2018-03-20,7892.2074,1034497.5074,1026605.3,1.034498,1000000.0,1.0362
2018-03-21,7892.2074,1034195.3274,1026303.12,1.034195,1000000.0,1.0345
2018-03-22,7892.2074,1034129.9274,1026237.72,1.03413,1000000.0,1.0342
2018-03-23,7892.2074,1020410.3274,1012518.12,1.02041,1000000.0,1.0341
2018-03-26,6818.3707,1026345.3307,1019526.96,1.026345,1000000.0,1.0204
2018-03-27,6818.3707,1035231.4707,1028413.1,1.035231,1000000.0,1.0263
2018-03-28,6818.3707,1032201.3307,1025382.96,1.032201,1000000.0,1.0352
2018-03-29,6818.3707,1031078.8907,1024260.52,1.031079,1000000.0,1.0322
2018-03-30,6818.3707,1037602.2507,1030783.88,1.037602,1000000.0,1.0311
2018-04-02,8380.1096,1044605.0196,1036224.91,1.044605,1000000.0,1.0376
2018-04-03,8380.1096,1042917.4396,1034537.33,1.042917,1000000.0,1.0446
2018-04-04,8380.1096,1044697.2396,1036317.13,1.044697,1000000.0,1.0429
2018-04-09,8863.3959,1046085.2159,1037221.82,1.046085,1000000.0,1.0447
2018-04-10,8863.3959,1042227.5659,1033364.17,1.042228,1000000.0,1.0461
2018-04-11,8863.3959,1043553.2859,1034689.89,1.043553,1000000.0,1.0422
2018-04-12,8863.3959,1040741.0359,1031877.64,1.040741,1000000.0,1.0436
2018-04-13,8863.3959,1039898.0559,1031034.66,1.039898,1000000.0,1.0407
2018-04-16,6923.9575,1036068.8675,1029144.91,1.036069,1000000.0,1.0399
2018-04-17,6923.9575,1033360.9975,1026437.04,1.033361,1000000.0,1.0361
2018-04-18,6923.9575,1038352.7475,1031428.79,1.038353,1000000.0,1.0334
2018-04-19,6923.9575,1039075.6875,1032151.73,1.039076,1000000.0,1.0384
2018-04-20,6923.9575,1033960.2375,1027036.28,1.03396,1000000.0,1.0391
2018-04-23,5291.8275,1019315.9175,1014024.09,1.019316,1000000.0,1.034
2018-04-24,5291.8275,1031341.2475,1026049.42,1.031341,1000000.0,1.0193
2018-04-25,5291.8275,1029250.8075,1023958.98,1.029251,1000000.0,1.0313
2018-04-26,5291.8275,1027209.0175,1021917.19,1.027209,1000000.0,1.0293
2018-04-27,5291.8275,1026020.8075,1020728.98,1.026021,1000000.0,1.0272
2018-05-02,9023.9712,1023738.5712,1014714.6,1.023739,1000000.0,1.026
2018-05-03,9023.9712,1029108.4112,1020084.44,1.029108,1000000.0,1.0237
2018-05-04,9023.9712,1031715.3012,1022691.33,1.031715,1000000.0,1.0291
2018-05-07,8977.5322,1039210.4122,1030232.88,1.03921,1000000.0,1.0317
2018-05-08,8977.5322,1042833.3422,1033855.81,1.042833,1000000.0,1.0392
2018-05-09,8977.5322,1043688.4022,1034710.87,1.043688,1000000.0,1.0428
2018-05-10,8977.5322,1047948.4222,1038970.89,1.047948,1000000.0,1.0437
2018-05-11,8977.5322,1041010.2722,1032032.74,1.04101,1000000.0,1.0479
2018-05-14,5936.9424,1035661.5624,1029724.62,1.035662,1000000.0,1.041
2018-05-15,5936.9424,1043362.2024,1037425.26,1.043362,1000000.0,1.0357
2018-05-16,5936.9424,1039950.2824,1034013.34,1.03995,1000000.0,1.0434
2018-05-17,5936.9424,1040739.5624,1034802.62,1.04074,1000000.0,1.04
2018-05-18,5936.9424,1040419.3824,1034482.44,1.040419,1000000.0,1.0407
2018-05-21,3467.2224,1044617.8124,1041150.59,1.044618,1000000.0,1.0404
2018-05-22,3467.2224,1047757.9124,1044290.69,1.047758,1000000.0,1.0446
2018-05-23,3467.2224,1043154.6424,1039687.42,1.043155,1000000.0,1.0478
2018-05-24,3467.2224,1042873.6424,1039406.42,1.042874,1000000.0,1.0432
2018-05-25,3467.2224,1037069.0224,1033601.8,1.037069,1000000.0,1.0429
2018-05-28,2049.9374,1027705.4774,1025655.54,1.027705,1000000.0,1.0371
2018-05-29,2049.9374,1020441.7974,1018391.86,1.020442,1000000.0,1.0277
2018-05-30,2049.9374,1004419.8074,1002369.87,1.00442,1000000.0,1.0204
2018-05-31,2049.9374,1009385.0974,1007335.16,1.009385,1000000.0,1.0044
2018-06-01,2049.9374,1008780.4974,1006730.56,1.00878,1000000.0,1.0094
2018-06-04,4581.119,1001811.899,997230.78,1.001812,1000000.0,1.0088
2018-06-05,4581.119,1013269.049,1008687.93,1.013269,1000000.0,1.0018
2018-06-06,4581.119,1017649.029,1013067.91,1.017649,1000000.0,1.0133
2018-06-07,4581.119,1022226.689,1017645.57,1.022227,1000000.0,1.0176
2018-06-08,4581.119,1016298.729,1011717.61,1.016299,1000000.0,1.0222
2018-06-11,4936.5542,1013926.4242,1008989.87,1.013926,1000000.0,1.0163
2018-06-12,4936.5542,1017131.7742,1012195.22,1.017132,1000000.0,1.0139
2018-06-13,4936.5542,1013091.4142,1008154.86,1.013091,1000000.0,1.0171
2018-06-14,4936.5542,1009259.4842,1004322.93,1.009259,1000000.0,1.0131
2018-06-15,4936.5542,1000664.0242,995727.47,1.000664,1000000.0,1.0093
2018-06-19,2957.0756,964403.2456,961446.17,0.964403,1000000.0,1.0007
2018-06-20,2957.0756,967430.0856,964473.01,0.96743,1000000.0,0.9644
2018-06-21,2957.0756,960262.3656,957305.29,0.960262,1000000.0,0.9674
2018-06-22,2957.0756,961116.1356,958159.06,0.961116,1000000.0,0.9603
2018-06-25,2194.396,963738.436,961544.04,0.963738,1000000.0,0.9611
2018-06-26,2194.396,966701.966,964507.57,0.966702,1000000.0,0.9637
2018-06-27,2194.396,964692.796,962498.4,0.964693,1000000.0,0.9667
2018-06-28,2194.396,963140.956,960946.56,0.963141,1000000.0,0.9647
2018-06-29,2194.396,977840.306,975645.91,0.97784,1000000.0,0.9631
2018-07-02,4611.8137,972762.7737,968150.96,0.972763,1000000.0,0.9778
2018-07-03,4611.8137,978675.2637,974063.45,0.978675,1000000.0,0.9728
2018-07-04,4611.8137,975723.3437,971111.53,0.975723,1000000.0,0.9787
2018-07-05,4611.8137,970893.8337,966282.02,0.970894,1000000.0,0.9757
2018-07-06,4611.8137,972380.8937,967769.08,0.972381,1000000.0,0.9709
2018-07-09,3521.7217,982245.5817,978723.86,0.982246,1000000.0,0.9724
2018-07-10,3521.7217,982889.1417,979367.42,0.982889,1000000.0,0.9822
2018-07-11,3521.7217,976214.0917,972692.37,0.976214,1000000.0,0.9829
2018-07-12,3521.7217,992011.8517,988490.13,0.992012,1000000.0,0.9762
2018-07-13,3521.7217,992829.8417,989308.12,0.99283,1000000.0,0.992
2018-07-16,2557.1472,991178.5172,988621.37,0.991179,1000000.0,0.9928
2018-07-17,2557.1472,998286.3572,995729.21,0.998286,1000000.0,0.9912
2018-07-18,2557.1472,1001854.5972,999297.45,1.001855,1000000.0,0.9983
2018-07-19,2557.1472,1005101.7972,1002544.65,1.005102,1000000.0,1.0019
2018-07-20,2557.1472,1011170.4672,1008613.32,1.01117,1000000.0,1.0051
2018-07-23,2385.5677,1012883.8077,1010498.24,1.012884,1000000.0,1.0112
2018-07-24,2385.5677,1015672.6577,1013287.09,1.015673,1000000.0,1.0129
2018-07-25,2385.5677,1015566.3177,1013180.75,1.015566,1000000.0,1.0157
2018-07-26,2385.5677,1009913.4877,1007527.92,1.009913,1000000.0,1.0156
2018-07-27,2385.5677,1005757.0577,1003371.49,1.005757,1000000.0,1.0099
2018-07-30,149.9241,1000057.8741,999907.95,1.000058,1000000.0,1.0058
2018-07-31,149.9241,1000754.4941,1000604.57,1.000754,1000000.0,1.0001
2018-08-01,149.9241,997019.1341,996869.21,0.997019,1000000.0,1.0008
2018-08-02,149.9241,987469.0341,987319.11,0.987469,1000000.0,0.997
2018-08-03,149.9241,987849.8141,987699.89,0.98785,1000000.0,0.9875
2018-08-06,627.33,980207.65,979580.32,0.980208,1000000.0,0.9878
2018-08-07,627.33,989320.8,988693.47,0.989321,1000000.0,0.9802
2018-08-08,627.33,982459.7,981832.37,0.98246,1000000.0,0.9893
2018-08-09,627.33,992906.7,992279.37,0.992907,1000000.0,0.9825
2018-08-10,627.33,999165.83,998538.5,0.999166,1000000.0,0.9929
2018-08-13,7217.1828,1000821.6228,993604.44,1.000822,1000000.0,0.9992
2018-08-14,7217.1828,994912.6928,987695.51,0.994913,1000000.0,1.0008
2018-08-15,7217.1828,988031.5728,980814.39,0.988032,1000000.0,0.9949
2018-08-16,7217.1828,983014.1328,975796.95,0.983014,1000000.0,0.988
2018-08-17,7217.1828,979661.5128,972444.33,0.979662,1000000.0,0.983
2018-08-20,5846.8324,977988.0724,972141.24,0.977988,1000000.0,0.9797
2018-08-21,5846.8324,984697.1324,978850.3,0.984697,1000000.0,0.978
2018-08-22,5846.8324,983421.4424,977574.61,0.983421,1000000.0,0.9847
2018-08-23,5846.8324,986169.9424,980323.11,0.98617,1000000.0,0.9834
2018-08-24,5846.8324,987911.4024,982064.57,0.987911,1000000.0,0.9862
2018-08-27,5569.0554,993852.2954,988283.24,0.993852,1000000.0,0.9879
2018-08-28,5569.0554,999860.5254,994291.47,0.999861,1000000.0,0.9939
2018-08-29,5569.0554,995842.9854,990273.93,0.995843,1000000.0,0.9999
2018-08-30,5569.0554,990914.1254,985345.07,0.990914,1000000.0,0.9958
2018-08-31,5569.0554,988652.2654,983083.21,0.988652,1000000.0,0.9909
2018-09-03,5140.7829,985306.0329,980165.25,0.985306,1000000.0,0.9887
2018-09-04,5140.7829,988943.0229,983802.24,0.988943,1000000.0,0.9853
2018-09-05,5140.7829,984849.6429,979708.86,0.98485,1000000.0,0.9889
2018-09-06,5140.7829,984063.3829,978922.6,0.984063,1000000.0,0.9848
2018-09-07,5140.7829,984391.8229,979251.04,0.984392,1000000.0,0.9841
2018-09-10,3396.1163,978652.4563,975256.34,0.978652,1000000.0,0.9844
2018-09-11,3396.1163,977747.3063,974351.19,0.977747,1000000.0,0.9787
2018-09-12,3396.1163,978406.8563,975010.74,0.978407,1000000.0,0.9777
2018-09-13,3396.1163,981123.0063,977726.89,0.981123,1000000.0,0.9784
2018-09-14,3396.1163,981773.1063,978376.99,0.981773,1000000.0,0.9811
2018-09-17,532.2132,974619.3632,974087.15,0.974619,1000000.0,0.9818
2018-09-18,532.2132,977883.0632,977350.85,0.977883,1000000.0,0.9746
2018-09-19,532.2132,981646.5232,981114.31,0.981647,1000000.0,0.9779
2018-09-20,532.2132,982703.8132,982171.6,0.982704,1000000.0,0.9816
2018-09-21,532.2132,988586.5532,988054.34,0.988587,1000000.0,0.9827
2018-09-25,1591.473,987458.733,985867.26,0.987459,1000000.0,0.9886
2018-09-26,1591.473,989286.563,987695.09,0.989287,1000000.0,0.9875
2018-09-27,1591.473,980683.913,979092.44,0.980684,1000000.0,0.9893
2018-09-28,1591.473,983396.983,981805.51,0.983397,1000000.0,0.9807
2018-10-08,1737.8375,971506.6475,969768.81,0.971507,1000000.0,0.9834
2018-10-09,1737.8375,971607.9375,969870.1,0.971608,1000000.0,0.9715
2018-10-10,1737.8375,971247.3075,969509.47,0.971247,1000000.0,0.9716
2018-10-11,1737.8375,945744.7875,944006.95,0.945745,1000000.0,0.9712
2018-10-12,1737.8375,948608.6375,946870.8,0.948609,1000000.0,0.9457
2018-10-15,1070.042,944922.802,943852.76,0.944923,1000000.0,0.9486
2018-10-16,1070.042,938506.652,937436.61,0.938507,1000000.0,0.9449
2018-10-17,1070.042,936283.172,935213.13,0.936283,1000000.0,0.9385
2018-10-18,1070.042,926745.352,925675.31,0.926745,1000000.0,0.9363
2018-10-19,1070.042,933393.142,932323.1,0.933393,1000000.0,0.9267
2018-10-22,423.548,947873.438,947449.89,0.947873,1000000.0,0.9334
2018-10-23,423.548,945744.768,945321.22,0.945745,1000000.0,0.9479
2018-10-24,423.548,949453.598,949030.05,0.949454,1000000.0,0.9457
2018-10-25,423.548,949811.138,949387.59,0.949811,1000000.0,0.9495
2018-10-26,423.548,953181.598,952758.05,0.953182,1000000.0,0.9498
2018-10-29,2186.7116,948893.1116,946706.4,0.948893,1000000.0,0.9532
2018-10-30,2186.7116,951869.9816,949683.27,0.95187,1000000.0,0.9489
2018-10-31,2186.7116,955847.1416,953660.43,0.955847,1000000.0,0.9519
2018-11-01,2186.7116,960574.4016,958387.69,0.960574,1000000.0,0.9558
2018-11-02,2186.7116,978888.0316,976701.32,0.978888,1000000.0,0.9606
2018-11-05,2125.4489,981407.0289,979281.58,0.981407,1000000.0,0.9789
2018-11-06,2125.4489,977341.6189,975216.17,0.977342,1000000.0,0.9814
2018-11-07,2125.4489,978363.2889,976237.84,0.978363,1000000.0,0.9773
2018-11-08,2125.4489,976166.9689,974041.52,0.976167,1000000.0,0.9784
2018-11-09,2125.4489,974187.8889,972062.44,0.974188,1000000.0,0.9762
2018-11-12,1069.4321,982577.6021,981508.17,0.982578,1000000.0,0.9742
2018-11-13,1069.4321,990389.0221,989319.59,0.990389,1000000.0,0.9826
2018-11-14,1069.4321,991224.9921,990155.56,0.991225,1000000.0,0.9904
2018-11-15,1069.4321,1002513.0221,1001443.59,1.002513,1000000.0,0.9912
2018-11-16,1069.4321,1007399.9221,1006330.49,1.0074,1000000.0,1.0025
2018-11-19,383.6318,1009351.8018,1008968.17,1.009352,1000000.0,1.0074
2018-11-20,383.6318,994787.1918,994403.56,0.994787,1000000.0,1.0094
2018-11-21,383.6318,994780.8018,994397.17,0.994781,1000000.0,0.9948
2018-11-22,383.6318,996822.2218,996438.59,0.996822,1000000.0,0.9948
2018-11-23,383.6318,984452.5418,984068.91,0.984453,1000000.0,0.9968
2018-11-26,812.7236,984542.7636,983730.04,0.984543,1000000.0,0.9845
2018-11-27,812.7236,987202.9336,986390.21,0.987203,1000000.0,0.9845
2018-11-28,812.7236,995008.2936,994195.57,0.995008,1000000.0,0.9872
2018-11-29,812.7236,987271.5336,986458.81,0.987272,1000000.0,0.995
2018-11-30,812.7236,987702.0836,986889.36,0.987702,1000000.0,0.9873
2018-12-03,4680.1483,1003357.9583,998677.81,1.003358,1000000.0,0.9877
2018-12-04,4680.1483,1005830.7683,1001150.62,1.005831,1000000.0,1.0034
2018-12-05,4680.1483,1003933.8883,999253.74,1.003934,1000000.0,1.0058
2018-12-06,4680.1483,997282.8283,992602.68,0.997283,1000000.0,1.0039
2018-12-07,4680.1483,1000534.2683,995854.12,1.000534,1000000.0,0.9973
2018-12-10,5446.1897,993982.9697,988536.78,0.993983,1000000.0,1.0005
2018-12-11,5446.1897,994422.3397,988976.15,0.994422,1000000.0,0.994
2018-12-12,5446.1897,993585.6997,988139.51,0.993586,1000000.0,0.9944
2018-12-13,5446.1897,999719.6197,994273.43,0.99972,1000000.0,0.9936
2018-12-14,5446.1897,992059.7397,986613.55,0.99206,1000000.0,0.9997
2018-12-17,387.4918,990210.0218,989822.53,0.99021,1000000.0,0.9921
2018-12-18,387.4918,984734.9918,984347.5,0.984735,1000000.0,0.9902
2018-12-19,387.4918,983024.3318,982636.84,0.983024,1000000.0,0.9847
2018-12-20,387.4918,981503.8318,981116.34,0.981504,1000000.0,0.983
2018-12-21,387.4918,978520.4918,978133.0,0.97852,1000000.0,0.9815
2018-12-24,5191.4346,981931.9446,976740.51,0.981932,1000000.0,0.9785
2018-12-25,5191.4346,977891.1346,972699.7,0.977891,1000000.0,0.9819
2018-12-26,5191.4346,976708.9346,971517.5,0.976709,1000000.0,0.9779
2018-12-27,5191.4346,976039.2146,970847.78,0.976039,1000000.0,0.9767
2018-12-28,5191.4346,975151.9046,969960.47,0.975152,1000000.0,0.976
2019-01-02,6352.9239,975805.0639,969452.14,0.975805,1000000.0,0.9752
2019-01-03,6352.9239,976809.3739,970456.45,0.976809,1000000.0,0.9758
2019-01-04,6352.9239,988022.3339,981669.41,0.988022,1000000.0,0.9768
2019-01-07,5389.4982,1013982.6982,1008593.2,1.013983,1000000.0,0.988
2019-01-08,5389.4982,1015083.7682,1009694.27,1.015084,1000000.0,1.014
2019-01-09,5389.4982,1027290.2782,1021900.78,1.02729,1000000.0,1.0151
2019-01-10,5389.4982,1029524.1282,1024134.63,1.029524,1000000.0,1.0273
2019-01-11,5389.4982,1038115.8482,1032726.35,1.038116,1000000.0,1.0295
2019-01-14,7119.7169,1038493.2669,1031373.55,1.038493,1000000.0,1.0381
2019-01-15,7119.7169,1048022.6669,1040902.95,1.048023,1000000.0,1.0385
2019-01-16,7119.7169,1052408.2469,1045288.53,1.052408,1000000.0,1.048
2019-01-17,7119.7169,1046940.1269,1039820.41,1.04694,1000000.0,1.0524
2019-01-18,7119.7169,1044267.6669,1037147.95,1.044268,1000000.0,1.0469
2019-01-21,9038.1184,1046786.2384,1037748.12,1.046786,1000000.0,1.0443
2019-01-22,9038.1184,1042601.1784,1033563.06,1.042601,1000000.0,1.0468
2019-01-23,9038.1184,1043940.2884,1034902.17,1.04394,1000000.0,1.0426
2019-01-24,9038.1184,1048898.4084,1039860.29,1.048898,1000000.0,1.0439
2019-01-25,9038.1184,1053472.6384,1044434.52,1.053473,1000000.0,1.0489
2019-01-28,7567.68,1045661.14,1038093.46,1.045661,1000000.0,1.0535
2019-01-29,7567.68,1035682.79,1028115.11,1.035683,1000000.0,1.0457
2019-01-30,7567.68,1032681.74,1025114.06,1.032682,1000000.0,1.0357
2019-01-31,7567.68,1029760.99,1022193.31,1.029761,1000000.0,1.0327
2019-02-01,7567.68,1045220.87,1037653.19,1.045221,1000000.0,1.0298
2019-02-11,7847.811,1055638.581,1047790.77,1.055639,1000000.0,1.0452
2019-02-12,7847.811,1061567.901,1053720.09,1.061568,1000000.0,1.0556
2019-02-13,7847.811,1073115.421,1065267.61,1.073115,1000000.0,1.0616
2019-02-14,7847.811,1081623.511,1073775.7,1.081624,1000000.0,1.0731
2019-02-15,7847.811,1084187.671,1076339.86,1.084188,1000000.0,1.0816
2019-02-18,6585.377,1112483.847,1105898.47,1.112484,1000000.0,1.0842
2019-02-19,6585.377,1115038.947,1108453.57,1.115039,1000000.0,1.1125
2019-02-20,6585.377,1126312.017,1119726.64,1.126312,1000000.0,1.115
2019-02-21,6585.377,1127867.327,1121281.95,1.127867,1000000.0,1.1263
2019-02-22,6585.377,1137917.007,1131331.63,1.137917,1000000.0,1.1279
2019-02-25,4535.5033,1161670.8133,1157135.31,1.161671,1000000.0,1.1379
2019-02-26,4535.5033,1170961.0933,1166425.59,1.170961,1000000.0,1.1617
2019-02-27,4535.5033,1170544.3233,1166008.82,1.170544,1000000.0,1.171
2019-02-28,4535.5033,1173604.9933,1169069.49,1.173605,1000000.0,1.1705
2019-03-01,4535.5033,1181436.3433,1176900.84,1.181436,1000000.0,1.1736
2019-03-04,9805.087,1193919.537,1184114.45,1.19392,1000000.0,1.1814
2019-03-05,9805.087,1224998.007,1215192.92,1.224998,1000000.0,1.1939
2019-03-06,9805.087,1267286.097,1257481.01,1.267286,1000000.0,1.225
2019-03-07,9805.087,1289072.087,1279267.0,1.289072,1000000.0,1.2673
2019-03-08,9805.087,1267207.277,1257402.19,1.267207,1000000.0,1.2891
2019-03-11,6739.0495,1302638.8395,1295899.79,1.302639,1000000.0,1.2672
2019-03-12,6739.0495,1319171.2095,1312432.16,1.319171,1000000.0,1.3026
2019-03-13,6739.0495,1299095.6695,1292356.62,1.299096,1000000.0,1.3192
2019-03-14,6739.0495,1270341.2895,1263602.24,1.270341,1000000.0,1.2991
2019-03-15,6739.0495,1285369.5295,1278630.48,1.28537,1000000.0,1.2703
2019-03-18,5551.1131,1311628.7331,1306077.62,1.311629,1000000.0,1.2854
2019-03-19,5551.1131,1335105.6731,1329554.56,1.335106,1000000.0,1.3116
2019-03-20,5551.1131,1336897.9831,1331346.87,1.336898,1000000.0,1.3351
2019-03-21,5551.1131,1352242.6831,1346691.57,1.352243,1000000.0,1.3369
2019-03-22,5551.1131,1343254.2431,1337703.13,1.343254,1000000.0,1.3522
2019-03-25,4826.8963,1326768.8263,1321941.93,1.326769,1000000.0,1.3433
2019-03-26,4826.8963,1292055.2263,1287228.33,1.292055,1000000.0,1.3268
2019-03-27,4826.8963,1291764.6763,1286937.78,1.291765,1000000.0,1.2921
2019-03-28,4826.8963,1290472.0963,1285645.2,1.290472,1000000.0,1.2918
2019-03-29,4826.8963,1309904.3663,1305077.47,1.309904,1000000.0,1.2905
2019-04-01,6739.9242,1336774.1942,1330034.27,1.336774,1000000.0,1.3099
2019-04-02,6739.9242,1345222.2642,1338482.34,1.345222,1000000.0,1.3368
2019-04-03,6739.9242,1353776.7242,1347036.8,1.353777,1000000.0,1.3452
2019-04-04,6739.9242,1372204.8642,1365464.94,1.372205,1000000.0,1.3538
2019-04-08,8517.0827,1379295.8427,1370778.76,1.379296,1000000.0,1.3722
2019-04-09,8517.0827,1379483.4427,1370966.36,1.379483,1000000.0,1.3793
2019-04-10,8517.0827,1376182.5827,1367665.5,1.376183,1000000.0,1.3795
2019-04-11,8517.0827,1359375.9327,1350858.85,1.359376,1000000.0,1.3762
2019-04-12,8517.0827,1366954.8327,1358437.75,1.366955,1000000.0,1.3594
2019-04-15,8903.0824,1349305.8424,1340402.76,1.349306,1000000.0,1.367
2019-04-16,8903.0824,1354716.7924,1345813.71,1.354717,1000000.0,1.3493
2019-04-17,8903.0824,1361471.8624,1352568.78,1.361472,1000000.0,1.3547
2019-04-18,8903.0824,1369661.3324,1360758.25,1.369661,1000000.0,1.3615
2019-04-19,8903.0824,1366582.4324,1357679.35,1.366582,1000000.0,1.3697
2019-04-22,10457.0684,1380008.3884,1369551.32,1.380008,1000000.0,1.3666
2019-04-23,10457.0684,1360814.6284,1350357.56,1.360815,1000000.0,1.38
2019-04-24,10457.0684,1354501.5984,1344044.53,1.354502,1000000.0,1.3608
2019-04-25,10457.0684,1359030.9884,1348573.92,1.359031,1000000.0,1.3545
2019-04-26,10457.0684,1362485.8884,1352028.82,1.362486,1000000.0,1.359
2019-04-29,10709.8588,1332067.6888,1321357.83,1.332068,1000000.0,1.3625
2019-04-30,10709.8588,1340674.7288,1329964.87,1.340675,1000000.0,1.3321
2019-05-06,5424.0423,1280399.2823,1274975.24,1.280399,1000000.0,1.3407
2019-05-07,5424.0423,1296638.4823,1291214.44,1.296638,1000000.0,1.2804
2019-05-08,5424.0423,1313112.4623,1307688.42,1.313112,1000000.0,1.2966
2019-05-09,5424.0423,1310794.1423,1305370.1,1.310794,1000000.0,1.3131
2019-05-10,5424.0423,1339970.5623,1334546.52,1.339971,1000000.0,1.3108
2019-05-13,6425.1671,1336111.8071,1329686.64,1.336112,1000000.0,1.34
2019-05-14,6425.1671,1341183.4771,1334758.31,1.341183,1000000.0,1.3361
2019-05-15,6425.1671,1361066.0471,1354640.88,1.361066,1000000.0,1.3412
2019-05-16,6425.1671,1366287.3671,1359862.2,1.366287,1000000.0,1.3611
2019-05-17,6425.1671,1337918.2271,1331493.06,1.337918,1000000.0,1.3663
2019-05-20,6048.1966,1327225.4266,1321177.23,1.327225,1000000.0,1.3379
2019-05-21,6048.1966,1336005.9766,1329957.78,1.336006,1000000.0,1.3272
2019-05-22,6048.1966,1335675.2666,1329627.07,1.335675,1000000.0,1.336
2019-05-23,6048.1966,1327078.5066,1321030.31,1.327079,1000000.0,1.3357
2019-05-24,6048.1966,1327153.0866,1321104.89,1.327153,1000000.0,1.3271
2019-05-27,6298.7914,1333408.4414,1327109.65,1.333408,1000000.0,1.3272
2019-05-28,6298.7914,1333065.8414,1326767.05,1.333066,1000000.0,1.3334
2019-05-29,6298.7914,1333043.0414,1326744.25,1.333043,1000000.0,1.3331
2019-05-30,6298.7914,1326888.7714,1320589.98,1.326889,1000000.0,1.333
2019-05-31,6298.7914,1323181.9514,1316883.16,1.323182,1000000.0,1.3269
2019-06-03,1051.9434,1314386.4634,1313334.52,1.314386,1000000.0,1.3232
2019-06-04,1051.9434,1301337.4534,1300285.51,1.301337,1000000.0,1.3144
2019-06-05,1051.9434,1302024.8334,1300972.89,1.302025,1000000.0,1.3013
2019-06-06,1051.9434,1288956.4634,1287904.52,1.288956,1000000.0,1.302
2019-06-10,229.8682,1292559.2082,1292329.34,1.292559,1000000.0,1.289
2019-06-11,229.8682,1323652.5582,1323422.69,1.323653,1000000.0,1.2926
2019-06-12,229.8682,1318192.7182,1317962.85,1.318193,1000000.0,1.3237
2019-06-13,229.8682,1321665.0382,1321435.17,1.321665,1000000.0,1.3182
2019-06-14,229.8682,1311491.6982,1311261.83,1.311492,1000000.0,1.3217
2019-06-17,415.9894,1309627.0594,1309211.07,1.309627,1000000.0,1.3115
2019-06-18,415.9894,1306316.1794,1305900.19,1.306316,1000000.0,1.3096
2019-06-19,415.9894,1315228.2694,1314812.28,1.315228,1000000.0,1.3063
2019-06-20,415.9894,1335285.6294,1334869.64,1.335286,1000000.0,1.3152
2019-06-21,415.9894,1348033.1294,1347617.14,1.348033,1000000.0,1.3353
2019-06-24,10339.9148,1346434.3448,1336094.43,1.346434,1000000.0,1.348
2019-06-25,10339.9148,1346651.5948,1336311.68,1.346652,1000000.0,1.3464
2019-06-26,10339.9148,1353389.5848,1343049.67,1.35339,1000000.0,1.3467
2019-06-27,10339.9148,1358812.1848,1348472.27,1.358812,1000000.0,1.3534
2019-06-28,10339.9148,1370039.8548,1359699.94,1.37004,1000000.0,1.3588
2019-07-01,12591.6509,1413770.8309,1401179.18,1.413771,1000000.0,1.37
2019-07-02,12591.6509,1419897.4009,1407305.75,1.419897,1000000.0,1.4138
2019-07-03,12591.6509,1423376.2909,1410784.64,1.423376,1000000.0,1.4199
2019-07-04,12591.6509,1429161.4409,1416569.79,1.429161,1000000.0,1.4234
2019-07-05,12591.6509,1419524.8709,1406933.22,1.419525,1000000.0,1.4292
2019-07-08,8839.7903,1405515.6003,1396675.81,1.405516,1000000.0,1.4195
2019-07-09,8839.7903,1406687.3403,1397847.55,1.406687,1000000.0,1.4055
2019-07-10,8839.7903,1406128.0603,1397288.27,1.406128,1000000.0,1.4067
2019-07-11,8839.7903,1406560.2403,1397720.45,1.40656,1000000.0,1.4061
2019-07-12,8839.7903,1409154.9003,1400315.11,1.409155,1000000.0,1.4066
2019-07-15,4470.3711,1413845.3911,1409375.02,1.413845,1000000.0,1.4092
2019-07-16,4470.3711,1414762.7611,1410292.39,1.414763,1000000.0,1.4138
2019-07-17,4470.3711,1421414.0611,1416943.69,1.421414,1000000.0,1.4148
2019-07-18,4470.3711,1412315.2011,1407844.83,1.412315,1000000.0,1.4214
2019-07-19,4470.3711,1410787.2711,1406316.9,1.410787,1000000.0,1.4123
2019-07-22,861.9111,1390261.1711,1389399.26,1.390261,1000000.0,1.4108
2019-07-23,861.9111,1397700.3811,1396838.47,1.3977,1000000.0,1.3903
2019-07-24,861.9111,1401372.3911,1400510.48,1.401372,1000000.0,1.3977
2019-07-25,861.9111,1402846.8611,1401984.95,1.402847,1000000.0,1.4014
2019-07-26,861.9111,1407621.7011,1406759.79,1.407622,1000000.0,1.4028
2019-07-29,2546.8941,1411665.9041,1409119.01,1.411666,1000000.0,1.4076
2019-07-30,2546.8941,1421714.7741,1419167.88,1.421715,1000000.0,1.4117
2019-07-31,2546.8941,1421287.2641,1418740.37,1.421287,1000000.0,1.4217
2019-08-01,2546.8941,1417872.0541,1415325.16,1.417872,1000000.0,1.4213
2019-08-02,2546.8941,1412373.5841,1409826.69,1.412374,1000000.0,1.4179
2019-08-05,5084.6328,1403775.2328,1398690.6,1.403775,1000000.0,1.4124
2019-08-06,5084.6328,1391549.4328,1386464.8,1.391549,1000000.0,1.4038
2019-08-07,5084.6328,1400858.6528,1395774.02,1.400859,1000000.0,1.3915
2019-08-08,5084.6328,1402795.1528,1397710.52,1.402795,1000000.0,1.4009
2019-08-09,5084.6328,1403389.7328,1398305.1,1.40339,1000000.0,1.4028
2019-08-12,7018.6013,1406340.7113,1399322.11,1.406341,1000000.0,1.4034
2019-08-13,7018.6013,1405927.5413,1398908.94,1.405928,1000000.0,1.4063
2019-08-14,7018.6013,1408852.5813,1401833.98,1.408853,1000000.0,1.4059
2019-08-15,7018.6013,1408656.0313,1401637.43,1.408656,1000000.0,1.4089
2019-08-16,7018.6013,1417583.4413,1410564.84,1.417583,1000000.0,1.4087
2019-08-19,4863.6696,1437519.2196,1432655.55,1.437519,1000000.0,1.4176
2019-08-20,4863.6696,1446834.4696,1441970.8,1.446834,1000000.0,1.4375
2019-08-21,4863.6696,1444983.5896,1440119.92,1.444984,1000000.0,1.4468
2019-08-22,4863.6696,1445398.9796,1440535.31,1.445399,1000000.0,1.445
2019-08-23,4863.6696,1450816.1796,1445952.51,1.450816,1000000.0,1.4454
2019-08-26,5902.056,1443260.806,1437358.75,1.443261,1000000.0,1.4508
2019-08-27,5902.056,1457601.956,1451699.9,1.457602,1000000.0,1.4433
2019-08-28,5902.056,1456522.566,1450620.51,1.456523,1000000.0,1.4576
2019-08-29,5902.056,1461322.566,1455420.51,1.461323,1000000.0,1.4565
2019-08-30,5902.056,1455914.306,1450012.25,1.455914,1000000.0,1.4613
2019-09-02,7863.9128,1465142.9728,1457279.06,1.465143,1000000.0,1.4559
2019-09-03,7863.9128,1470984.1828,1463120.27,1.470984,1000000.0,1.4651
2019-09-04,7863.9128,1478283.9328,1470420.02,1.478284,1000000.0,1.471
2019-09-05,7863.9128,1487330.4628,1479466.55,1.48733,1000000.0,1.4783
2019-09-06,7863.9128,1494947.8228,1487083.91,1.494948,1000000.0,1.4873
2019-09-09,8609.1371,1511094.2371,1502485.1,1.511094,1000000.0,1.4949
2019-09-10,8609.1371,1528207.5671,1519598.43,1.528208,1000000.0,1.5111
2019-09-11,8609.1371,1520184.6671,1511575.53,1.520185,1000000.0,1.5282
2019-09-12,8609.1371,1512088.6371,1503479.5,1.512089,1000000.0,1.5202
2019-09-16,7359.892,1511482.622,1504122.73,1.511483,1000000.0,1.5121
2019-09-17,7359.892,1489911.862,1482551.97,1.489912,1000000.0,1.5115
2019-09-18,7359.892,1492393.382,1485033.49,1.492393,1000000.0,1.4899
2019-09-19,7359.892,1495515.962,1488156.07,1.495516,1000000.0,1.4924
2019-09-20,7359.892,1505593.272,1498233.38,1.505593,1000000.0,1.4955
2019-09-23,11086.6765,1514183.6965,1503097.02,1.514184,1000000.0,1.5056
2019-09-24,11086.6765,1510892.1265,1499805.45,1.510892,1000000.0,1.5142
2019-09-25,11086.6765,1501180.8665,1490094.19,1.501181,1000000.0,1.5109
2019-09-26,11086.6765,1494017.7865,1482931.11,1.494018,1000000.0,1.5012
2019-09-27,11086.6765,1498409.8665,1487323.19,1.49841,1000000.0,1.494
2019-09-30,5475.3829,1493549.2229,1488073.84,1.493549,1000000.0,1.4984
2019-10-08,3572.2104,1494569.9704,1490997.76,1.49457,1000000.0,1.4935
2019-10-09,3572.2104,1501001.8804,1497429.67,1.501002,1000000.0,1.4946
2019-10-10,3572.2104,1511718.9904,1508146.78,1.511719,1000000.0,1.501
2019-10-11,3572.2104,1518107.0304,1514534.82,1.518107,1000000.0,1.5117
2019-10-14,11389.706,1527488.066,1516098.36,1.527488,1000000.0,1.5181
2019-10-15,11389.706,1522361.426,1510971.72,1.522361,1000000.0,1.5275
2019-10-16,11389.706,1522296.066,1510906.36,1.522296,1000000.0,1.5224
2019-10-17,11389.706,1523329.776,1511940.07,1.52333,1000000.0,1.5223
2019-10-18,11389.706,1518520.846,1507131.14,1.518521,1000000.0,1.5233
2019-10-21,8953.5538,1508559.7538,1499606.2,1.50856,1000000.0,1.5185
2019-10-22,8953.5538,1512490.4138,1503536.86,1.51249,1000000.0,1.5086
2019-10-23,8953.5538,1516692.0138,1507738.46,1.516692,1000000.0,1.5125
2019-10-24,8953.5538,1511439.6338,1502486.08,1.51144,1000000.0,1.5167
2019-10-25,8953.5538,1511996.2038,1503042.65,1.511996,1000000.0,1.5114
2019-10-28,9004.2622,1524428.2022,1515423.94,1.524428,1000000.0,1.512
2019-10-29,9004.2622,1516145.0522,1507140.79,1.516145,1000000.0,1.5244
2019-10-30,9004.2622,1505465.3722,1496461.11,1.505465,1000000.0,1.5161
2019-10-31,9004.2622,1502180.1822,1493175.92,1.50218,1000000.0,1.5055
2019-11-01,9004.2622,1507256.8422,1498252.58,1.507257,1000000.0,1.5022
2019-11-04,6837.9663,1510393.8463,1503555.88,1.510394,1000000.0,1.5073
2019-11-05,6837.9663,1514675.0063,1507837.04,1.514675,1000000.0,1.5104
2019-11-06,6837.9663,1513981.7463,1507143.78,1.513982,1000000.0,1.5147
2019-11-07,6837.9663,1539940.8663,1533102.9,1.539941,1000000.0,1.514
2019-11-08,6837.9663,1526208.8063,1519370.84,1.526209,1000000.0,1.5399
2019-11-11,6659.5484,1515582.1484,1508922.6,1.515582,1000000.0,1.5262
2019-11-12,6659.5484,1516276.1584,1509616.61,1.516276,1000000.0,1.5156
2019-11-13,6659.5484,1511676.3684,1505016.82,1.511676,1000000.0,1.5163
2019-11-14,6659.5484,1513563.8684,1506904.32,1.513564,1000000.0,1.5117
2019-11-15,6659.5484,1501622.9784,1494963.43,1.501623,1000000.0,1.5136
2019-11-18,8215.1765,1506629.9665,1498414.79,1.50663,1000000.0,1.5016
2019-11-19,8215.1765,1519209.7865,1510994.61,1.51921,1000000.0,1.5066
2019-11-20,8215.1765,1524127.1265,1515911.95,1.524127,1000000.0,1.5192
2019-11-21,8215.1765,1519640.9965,1511425.82,1.519641,1000000.0,1.5241
2019-11-22,8215.1765,1513733.5965,1505518.42,1.513734,1000000.0,1.5196
2019-11-25,4777.6812,1512144.7312,1507367.05,1.512145,1000000.0,1.5137
2019-11-26,4777.6812,1517284.1912,1512506.51,1.517284,1000000.0,1.5121
2019-11-27,4777.6812,1515750.4912,1510972.81,1.51575,1000000.0,1.5173
2019-11-28,4777.6812,1513273.9212,1508496.24,1.513274,1000000.0,1.5158
2019-11-29,4777.6812,1511201.1612,1506423.48,1.511201,1000000.0,1.5133
2019-12-02,4782.1174,1510469.3674,1505687.25,1.510469,1000000.0,1.5112
2019-12-03,4782.1174,1513945.7474,1509163.63,1.513946,1000000.0,1.5105
2019-12-04,4782.1174,1520994.7174,1516212.6,1.520995,1000000.0,1.5139
2019-12-05,4782.1174,1525595.7674,1520813.65,1.525596,1000000.0,1.521
2019-12-06,4782.1174,1533997.1274,1529215.01,1.533997,1000000.0,1.5256
2019-12-09,2828.4024,1537322.2724,1534493.87,1.537322,1000000.0,1.534
2019-12-10,2828.4024,1555871.3824,1553042.98,1.555871,1000000.0,1.5373
2019-12-11,2828.4024,1553721.6824,1550893.28,1.553722,1000000.0,1.5559
2019-12-12,2828.4024,1552087.8924,1549259.49,1.552088,1000000.0,1.5537
2019-12-13,2828.4024,1561380.7524,1558552.35,1.561381,1000000.0,1.5521
2019-12-16,9219.202,1581219.582,1572000.38,1.58122,1000000.0,1.5614
2019-12-17,9219.202,1597345.342,1588126.14,1.597345,1000000.0,1.5812
2019-12-18,9219.202,1602072.952,1592853.75,1.602073,1000000.0,1.5973
2019-12-19,9219.202,1607927.862,1598708.66,1.607928,1000000.0,1.6021
2019-12-20,9219.202,1608618.642,1599399.44,1.608619,1000000.0,1.6079
2019-12-23,5036.0357,1588811.9357,1583775.9,1.588812,1000000.0,1.6086
2019-12-24,5036.0357,1612690.4857,1607654.45,1.61269,1000000.0,1.5888
2019-12-25,5036.0357,1614242.0957,1609206.06,1.614242,1000000.0,1.6127
2019-12-26,5036.0357,1617764.0157,1612727.98,1.617764,1000000.0,1.6142
2019-12-27,5036.0357,1617839.6557,1612803.62,1.61784,1000000.0,1.6178
2019-12-30,3943.8821,1620287.0721,1616343.19,1.620287,1000000.0,1.6178
2019-12-31,3943.8821,1626190.7621,1622246.88,1.626191,1000000.0,1.6203
2020-01-02,3943.8821,1650817.0121,1646873.13,1.650817,1000000.0,1.6262
2020-01-03,3943.8821,1659406.0921,1655462.21,1.659406,1000000.0,1.6508
2020-01-06,5620.6909,1666785.2009,1661164.51,1.666785,1000000.0,1.6594
2020-01-07,5620.6909,1678917.1709,1673296.48,1.678917,1000000.0,1.6668
2020-01-08,5620.6909,1663400.3909,1657779.7,1.6634,1000000.0,1.6789
2020-01-09,5620.6909,1692015.0709,1686394.38,1.692015,1000000.0,1.6634
2020-01-10,5620.6909,1685900.9709,1680280.28,1.685901,1000000.0,1.692
2020-01-13,7075.818,1685201.398,1678125.58,1.685201,1000000.0,1.6859
2020-01-14,7075.818,1693665.028,1686589.21,1.693665,1000000.0,1.6852
2020-01-15,7075.818,1690284.778,1683208.96,1.690285,1000000.0,1.6937
2020-01-16,7075.818,1677932.078,1670856.26,1.677932,1000000.0,1.6903
2020-01-17,7075.818,1670749.348,1663673.53,1.670749,1000000.0,1.6779
2020-01-20,1231.3477,1673565.7777,1672334.43,1.673566,1000000.0,1.6707
2020-01-21,1231.3477,1673099.7877,1671868.44,1.6731,1000000.0,1.6736
2020-01-22,1231.3477,1669855.7477,1668624.4,1.669856,1000000.0,1.6731
2020-01-23,1231.3477,1644576.2777,1643344.93,1.644576,1000000.0,1.6699
2020-02-03,11758.6401,1576349.1801,1564590.54,1.576349,1000000.0,1.6446
2020-02-04,11758.6401,1625110.0001,1613351.36,1.62511,1000000.0,1.5763
2020-02-05,11758.6401,1659156.0701,1647397.43,1.659156,1000000.0,1.6251
2020-02-06,11758.6401,1679671.3801,1667912.74,1.679671,1000000.0,1.6592
2020-02-07,11758.6401,1690832.0501,1679073.41,1.690832,1000000.0,1.6797
2020-02-10,9859.536,1706564.356,1696704.82,1.706564,1000000.0,1.6908
2020-02-11,9859.536,1708396.146,1698536.61,1.708396,1000000.0,1.7066
2020-02-12,9859.536,1723609.666,1713750.13,1.72361,1000000.0,1.7084
2020-02-13,9859.536,1721398.336,1711538.8,1.721398,1000000.0,1.7236
2020-02-14,9859.536,1726211.096,1716351.56,1.726211,1000000.0,1.7214
2020-02-17,6969.6123,1749631.4023,1742661.79,1.749631,1000000.0,1.7262
2020-02-18,6969.6123,1770015.4223,1763045.81,1.770015,1000000.0,1.7496
2020-02-19,6969.6123,1768964.7523,1761995.14,1.768965,1000000.0,1.77
2020-02-20,6969.6123,1792720.2123,1785750.6,1.79272,1000000.0,1.769
2020-02-21,6969.6123,1805955.8823,1798986.27,1.805956,1000000.0,1.7927
2020-02-24,7283.6259,1819900.0459,1812616.42,1.8199,1000000.0,1.806
2020-02-25,7283.6259,1813379.2559,1806095.63,1.813379,1000000.0,1.8199
2020-02-26,7283.6259,1788938.2559,1781654.63,1.788938,1000000.0,1.8134
2020-02-27,7283.6259,1785321.5159,1778037.89,1.785322,1000000.0,1.7889
2020-02-28,7283.6259,1746038.2859,1738754.66,1.746038,1000000.0,1.7853
2020-03-02,7228.0942,1780926.7242,1773698.63,1.780927,1000000.0,1.746
2020-03-03,7228.0942,1791357.8642,1784129.77,1.791358,1000000.0,1.7809
2020-03-04,7228.0942,1792868.8242,1785640.73,1.792869,1000000.0,1.7914
2020-03-05,7228.0942,1819483.8242,1812255.73,1.819484,1000000.0,1.7929
2020-03-06,7228.0942,1829334.8042,1822106.71,1.829335,1000000.0,1.8195
2020-03-09,2629.0103,1786392.4703,1783763.46,1.786392,1000000.0,1.8293
2020-03-10,2629.0103,1817008.7003,1814379.69,1.817009,1000000.0,1.7864
2020-03-11,2629.0103,1817678.7903,1815049.78,1.817679,1000000.0,1.817
2020-03-12,2629.0103,1831053.4403,1828424.43,1.831053,1000000.0,1.8177
2020-03-13,2629.0103,1916051.9103,1913422.9,1.916052,1000000.0,1.8311
2020-03-16,12423.0874,1977254.2374,1964831.15,1.977254,1000000.0,1.9161
2020-03-17,12423.0874,2044712.9574,2032289.87,2.044713,1000000.0,1.9773
2020-03-18,12423.0874,2017821.7374,2005398.65,2.017822,1000000.0,2.0447
2020-03-19,12423.0874,2066049.7074,2053626.62,2.06605,1000000.0,2.0178
2020-03-20,12423.0874,2181712.9674,2169289.88,2.181713,1000000.0,2.066
2020-03-23,9354.4186,2015062.8486,2005708.43,2.015063,1000000.0,2.1817
2020-03-24,9354.4186,2036075.5986,2026721.18,2.036076,1000000.0,2.0151
2020-03-25,9354.4186,2085161.4286,2075807.01,2.085161,1000000.0,2.0361
2020-03-26,9354.4186,2077683.9886,2068329.57,2.077684,1000000.0,2.0852
2020-03-27,9354.4186,2052273.4586,2042919.04,2.052273,1000000.0,2.0777
2020-03-30,6859.7565,2044911.7065,2038051.95,2.044912,1000000.0,2.0523
2020-03-31,6859.7565,2040400.1665,2033540.41,2.0404,1000000.0,2.0449
2020-04-01,6859.7565,2043748.3965,2036888.64,2.043748,1000000.0,2.0404
2020-04-02,6859.7565,2052834.7065,2045974.95,2.052835,1000000.0,2.0437
2020-04-03,6859.7565,2033437.0565,2026577.3,2.033437,1000000.0,2.0528
2020-04-07,9800.747,2059282.507,2049481.76,2.059283,1000000.0,2.0334
2020-04-08,9800.747,2046201.987,2036401.24,2.046202,1000000.0,2.0593
2020-04-09,9800.747,2051158.047,2041357.3,2.051158,1000000.0,2.0462
2020-04-10,9800.747,2015841.857,2006041.11,2.015842,1000000.0,2.0512
2020-04-13,9312.8582,1984685.3582,1975372.5,1.984685,1000000.0,2.0158
2020-04-14,9312.8582,2024684.1982,2015371.34,2.024684,1000000.0,1.9847
2020-04-15,9312.8582,2046399.0182,2037086.16,2.046399,1000000.0,2.0247
2020-04-16,9312.8582,2089794.9982,2080482.14,2.089795,1000000.0,2.0464
2020-04-17,9312.8582,2068025.5782,2058712.72,2.068026,1000000.0,2.0898
2020-04-20,10081.2774,2097899.4174,2087818.14,2.097899,1000000.0,2.068
2020-04-21,10081.2774,2091684.7574,2081603.48,2.091685,1000000.0,2.0979
2020-04-22,10081.2774,2101967.3574,2091886.08,2.101967,1000000.0,2.0917
2020-04-23,10081.2774,2116290.7174,2106209.44,2.116291,1000000.0,2.102
2020-04-24,10081.2774,2097709.2474,2087627.97,2.097709,1000000.0,2.1163
2020-04-27,7638.5119,2092979.2219,2085340.71,2.092979,1000000.0,2.0977
2020-04-28,7638.5119,2073964.2019,2066325.69,2.073964,1000000.0,2.093
2020-04-29,7638.5119,2064747.4219,2057108.91,2.064747,1000000.0,2.074
2020-04-30,7638.5119,2081497.8519,2073859.34,2.081498,1000000.0,2.0647
2020-05-06,1923.4763,2089027.7363,2087104.26,2.089028,1000000.0,2.0815
2020-05-07,1923.4763,2077148.3863,2075224.91,2.077148,1000000.0,2.089
2020-05-08,1923.4763,2084071.2763,2082147.8,2.084071,1000000.0,2.0771
2020-05-11,4063.6412,2083450.9812,2079387.34,2.083451,1000000.0,2.0841
2020-05-12,4063.6412,2079554.9212,2075491.28,2.079555,1000000.0,2.0835
2020-05-13,4063.6412,2080486.6212,2076422.98,2.080487,1000000.0,2.0796
2020-05-14,4063.6412,2062068.0312,2058004.39,2.062068,1000000.0,2.0805
2020-05-15,4063.6412,2046912.1812,2042848.54,2.046912,1000000.0,2.0621
2020-05-18,3708.7458,2019707.5658,2015998.82,2.019708,1000000.0,2.0469
2020-05-19,3708.7458,2026519.5258,2022810.78,2.02652,1000000.0,2.0197
2020-05-20,3708.7458,2003891.0558,2000182.31,2.003891,1000000.0,2.0265
2020-05-21,3708.7458,1999166.2358,1995457.49,1.999166,1000000.0,2.0039
2020-05-22,3708.7458,1984004.0858,1980295.34,1.984004,1000000.0,1.9992
2020-05-25,1111.2774,1974172.5774,1973061.3,1.974173,1000000.0,1.984
2020-05-26,1111.2774,1994718.6274,1993607.35,1.994719,1000000.0,1.9742
2020-05-27,1111.2774,2003485.0874,2002373.81,2.003485,1000000.0,1.9947
2020-05-28,1111.2774,2001411.4074,2000300.13,2.001411,1000000.0,2.0035
2020-05-29,1111.2774,2016412.6874,2015301.41,2.016413,1000000.0,2.0014
2020-06-01,1852.9938,2044874.8638,2043021.87,2.044875,1000000.0,2.0164
2020-06-02,1852.9938,2052078.7038,2050225.71,2.052079,1000000.0,2.0449
2020-06-03,1852.9938,2040292.3638,2038439.37,2.040292,1000000.0,2.0521
2020-06-04,1852.9938,2043876.0038,2042023.01,2.043876,1000000.0,2.0403
2020-06-05,1852.9938,2057948.9138,2056095.92,2.057949,1000000.0,2.0439
2020-06-08,6691.1571,2057374.1071,2050682.95,2.057374,1000000.0,2.0579
2020-06-09,6691.1571,2059039.7271,2052348.57,2.05904,1000000.0,2.0574
2020-06-10,6691.1571,2055781.3271,2049090.17,2.055781,1000000.0,2.059
2020-06-11,6691.1571,2052949.2071,2046258.05,2.052949,1000000.0,2.0558
2020-06-12,6691.1571,2055010.1971,2048319.04,2.05501,1000000.0,2.0529
2020-06-15,6103.7472,2055809.3672,2049705.62,2.055809,1000000.0,2.055
2020-06-16,6103.7472,2068053.6472,2061949.9,2.068054,1000000.0,2.0558
2020-06-17,6103.7472,2076617.5872,2070513.84,2.076618,1000000.0,2.0681
2020-06-18,6103.7472,2073629.0672,2067525.32,2.073629,1000000.0,2.0766
2020-06-19,6103.7472,2072540.3172,2066436.57,2.07254,1000000.0,2.0736
2020-06-22,7264.0911,2067443.7511,2060179.66,2.067444,1000000.0,2.0725
2020-06-23,7264.0911,2060394.0011,2053129.91,2.060394,1000000.0,2.0674
2020-06-24,7264.0911,2053114.8811,2045850.79,2.053115,1000000.0,2.0604
2020-06-29,8057.4996,2041954.4896,2033896.99,2.041954,1000000.0,2.0531
2020-06-30,8057.4996,2050161.7196,2042104.22,2.050162,1000000.0,2.042
2020-07-01,8057.4996,2056920.0596,2048862.56,2.05692,1000000.0,2.0502
2020-07-02,8057.4996,2085766.4296,2077708.93,2.085766,1000000.0,2.0569
2020-07-03,8057.4996,2111134.8396,2103077.34,2.111135,1000000.0,2.0858
2020-07-06,9795.2961,2171323.6961,2161528.4,2.171324,1000000.0,2.1111
2020-07-07,9795.2961,2176239.8161,2166444.52,2.17624,1000000.0,2.1713
2020-07-08,9795.2961,2186791.5461,2176996.25,2.186792,1000000.0,2.1762
2020-07-09,9795.2961,2204786.8961,2194991.6,2.204787,1000000.0,2.1868
2020-07-10,9795.2961,2190617.2161,2180821.92,2.190617,1000000.0,2.2048
2020-07-13,7363.8941,2230019.2641,2222655.37,2.230019,1000000.0,2.1906
2020-07-14,7363.8941,2220566.2441,2213202.35,2.220566,1000000.0,2.23
2020-07-15,7363.8941,2202465.4841,2195101.59,2.202465,1000000.0,2.2206
2020-07-16,7363.8941,2143070.3141,2135706.42,2.14307,1000000.0,2.2025
2020-07-17,7363.8941,2147635.8741,2140271.98,2.147636,1000000.0,2.1431
2020-07-20,13047.8807,2228584.6407,2215536.76,2.228585,1000000.0,2.1476
2020-07-21,13047.8807,2237585.5907,2224537.71,2.237586,1000000.0,2.2286
2020-07-22,13047.8807,2259680.8907,2246633.01,2.259681,1000000.0,2.2376
2020-07-23,13047.8807,2251209.9207,2238162.04,2.25121,1000000.0,2.2597
2020-07-24,13047.8807,2213238.3607,2200190.48,2.213238,1000000.0,2.2512
2020-07-27,4122.0108,2206613.6808,2202491.67,2.206614,1000000.0,2.2132
2020-07-28,4122.0108,2225390.1808,2221268.17,2.22539,1000000.0,2.2066
2020-07-29,4122.0108,2248598.4108,2244476.4,2.248598,1000000.0,2.2254
2020-07-30,4122.0108,2256499.9908,2252377.98,2.2565,1000000.0,2.2486
2020-07-31,4122.0108,2272429.2608,2268307.25,2.272429,1000000.0,2.2565
2020-08-03,7681.3306,2304827.1806,2297145.85,2.304827,1000000.0,2.2724
2020-08-04,7681.3306,2298797.8806,2291116.55,2.298798,1000000.0,2.3048
2020-08-05,7681.3306,2302723.6206,2295042.29,2.302724,1000000.0,2.2988
2020-08-06,7681.3306,2289860.9306,2282179.6,2.289861,1000000.0,2.3027
2020-08-07,7681.3306,2291038.2406,2283356.91,2.291038,1000000.0,2.2899
2020-08-10,9378.7379,2314731.2879,2305352.55,2.314731,1000000.0,2.291
2020-08-11,9378.7379,2296136.4679,2286757.73,2.296136,1000000.0,2.3147
2020-08-12,9378.7379,2302685.0079,2293306.27,2.302685,1000000.0,2.2961
2020-08-13,9378.7379,2304358.0679,2294979.33,2.304358,1000000.0,2.3027
2020-08-14,9378.7379,2308466.3479,2299087.61,2.308466,1000000.0,2.3044
2020-08-17,3169.6829,2325335.7329,2322166.05,2.325336,1000000.0,2.3085
2020-08-18,3169.6829,2343670.6429,2340500.96,2.343671,1000000.0,2.3253
2020-08-19,3169.6829,2336117.1529,2332947.47,2.336117,1000000.0,2.3437
2020-08-20,3169.6829,2321201.4029,2318031.72,2.321201,1000000.0,2.3361
2020-08-21,3169.6829,2332755.4129,2329585.73,2.332755,1000000.0,2.3212
2020-08-24,5353.8017,2333431.4417,2328077.64,2.333431,1000000.0,2.3328
2020-08-25,5353.8017,2333471.9617,2328118.16,2.333472,1000000.0,2.3334
2020-08-26,5353.8017,2329231.4117,2323877.61,2.329231,1000000.0,2.3335
2020-08-27,5353.8017,2320943.2217,2315589.42,2.320943,1000000.0,2.3292
2020-08-28,5353.8017,2324746.5017,2319392.7,2.324747,1000000.0,2.3209
2020-08-31,6180.4393,2325333.1793,2319152.74,2.325333,1000000.0,2.3247
2020-09-01,6180.4393,2340141.1793,2333960.74,2.340141,1000000.0,2.3253
2020-09-02,6180.4393,2357116.7793,2350936.34,2.357117,1000000.0,2.3401
2020-09-03,6180.4393,2358060.2093,2351879.77,2.35806,1000000.0,2.3571
2020-09-04,6180.4393,2364746.8993,2358566.46,2.364747,1000000.0,2.3581
2020-09-07,5970.953,2350419.403,2344448.45,2.350419,1000000.0,2.3647
2020-09-08,5970.953,2367908.723,2361937.77,2.367909,1000000.0,2.3504
2020-09-09,5970.953,2339172.323,2333201.37,2.339172,1000000.0,2.3679
2020-09-10,5970.953,2293663.653,2287692.7,2.293664,1000000.0,2.3392
2020-09-11,5970.953,2302120.453,2296149.5,2.30212,1000000.0,2.2937
2020-09-14,7281.7685,2313789.3185,2306507.55,2.313789,1000000.0,2.3021
2020-09-15,7281.7685,2304064.1485,2296782.38,2.304064,1000000.0,2.3138
2020-09-16,7281.7685,2292946.1985,2285664.43,2.292946,1000000.0,2.3041
2020-09-17,7281.7685,2316126.9385,2308845.17,2.316127,1000000.0,2.2929
2020-09-18,7281.7685,2354126.7385,2346844.97,2.354127,1000000.0,2.3161
2020-09-21,11252.5068,2375138.4468,2363885.94,2.375138,1000000.0,2.3541
2020-09-22,11252.5068,2362178.0468,2350925.54,2.362178,1000000.0,2.3751
2020-09-23,11252.5068,2366916.4668,2355663.96,2.366916,1000000.0,2.3622
2020-09-24,11252.5068,2336367.0568,2325114.55,2.336367,1000000.0,2.3669
2020-09-25,11252.5068,2323395.8268,2312143.32,2.323396,1000000.0,2.3364
2020-09-28,5938.3388,2282586.1888,2276647.85,2.282586,1000000.0,2.3234
2020-09-29,5938.3388,2297411.7988,2291473.46,2.297412,1000000.0,2.2826
2020-09-30,5938.3388,2303725.8688,2297787.53,2.303726,1000000.0,2.2974
2020-10-09,4576.7511,2342051.5211,2337474.77,2.342052,1000000.0,2.3037
2020-10-12,5258.5334,2380075.3634,2374816.83,2.380075,1000000.0,2.3421
2020-10-13,5258.5334,2389901.5734,2384643.04,2.389902,1000000.0,2.3801
2020-10-14,5258.5334,2381897.3434,2376638.81,2.381897,1000000.0,2.3899
2020-10-15,5258.5334,2376838.9734,2371580.44,2.376839,1000000.0,2.3819
2020-10-16,5258.5334,2387167.1334,2381908.6,2.387167,1000000.0,2.3768
2020-10-19,6540.8702,2386395.1602,2379854.29,2.386395,1000000.0,2.3872
2020-10-20,6540.8702,2405768.8302,2399227.96,2.405769,1000000.0,2.3864
2020-10-21,6540.8702,2402643.0402,2396102.17,2.402643,1000000.0,2.4058
2020-10-22,6540.8702,2442900.9102,2436360.04,2.442901,1000000.0,2.4026
2020-10-23,6540.8702,2432504.3802,2425963.51,2.432504,1000000.0,2.4429
2020-10-26,12429.2663,2482526.7863,2470097.52,2.482527,1000000.0,2.4325
2020-10-27,12429.2663,2481591.5863,2469162.32,2.481592,1000000.0,2.4825
2020-10-28,12429.2663,2482476.0163,2470046.75,2.482476,1000000.0,2.4816
2020-10-29,12429.2663,2478363.1263,2465933.86,2.478363,1000000.0,2.4825
2020-10-30,12429.2663,2442176.7663,2429747.5,2.442177,1000000.0,2.4784
2020-11-02,8053.488,2433040.078,2424986.59,2.43304,1000000.0,2.4422
2020-11-03,8053.488,2451317.538,2443264.05,2.451318,1000000.0,2.433
2020-11-04,8053.488,2452866.168,2444812.68,2.452866,1000000.0,2.4513
2020-11-05,8053.488,2474177.958,2466124.47,2.474178,1000000.0,2.4529
2020-11-06,8053.488,2473128.178,2465074.69,2.473128,1000000.0,2.4742
2020-11-09,6176.6834,2492826.6134,2486649.93,2.492827,1000000.0,2.4731
2020-11-10,6176.6834,2491846.0534,2485669.37,2.491846,1000000.0,2.4928
2020-11-11,6176.6834,2471088.7734,2464912.09,2.471089,1000000.0,2.4918
2020-11-12,6176.6834,2476596.2934,2470419.61,2.476596,1000000.0,2.4711
2020-11-13,6176.6834,2498914.0534,2492737.37,2.498914,1000000.0,2.4766
2020-11-16,9409.8728,2490260.8128,2480850.94,2.490261,1000000.0,2.4989
2020-11-17,9409.8728,2476062.5527,2466652.68,2.476063,1000000.0,2.4903
2020-11-18,9409.8728,2486598.3928,2477188.52,2.486598,1000000.0,2.4761
2020-11-19,9409.8728,2480097.7227,2470687.85,2.480098,1000000.0,2.4866
2020-11-20,9409.8728,2483008.6028,2473598.73,2.483009,1000000.0,2.4801
2020-11-23,3941.9726,2493612.1426,2489670.17,2.493612,1000000.0,2.483
2020-11-24,3941.9726,2504538.9726,2500597.0,2.504539,1000000.0,2.4936
2020-11-25,3941.9726,2516456.7926,2512514.82,2.516457,1000000.0,2.5045
2020-11-26,3941.9726,2497566.8326,2493624.86,2.497567,1000000.0,2.5165
2020-11-27,3941.9726,2495943.8326,2492001.86,2.495944,1000000.0,2.4976
2020-11-30,2743.0162,2492702.8862,2489959.87,2.492703,1000000.0,2.4959
2020-12-01,2743.0162,2509467.0262,2506724.01,2.509467,1000000.0,2.4927
2020-12-02,2743.0162,2542369.5362,2539626.52,2.54237,1000000.0,2.5095
2020-12-03,2743.0162,2512987.4162,2510244.4,2.512987,1000000.0,2.5424
2020-12-04,2743.0162,2500336.4562,2497593.44,2.500336,1000000.0,2.513
2020-12-07,5892.2461,2503549.4861,2497657.24,2.503549,1000000.0,2.5003
2020-12-08,5892.2461,2511764.9261,2505872.68,2.511765,1000000.0,2.5035
2020-12-09,5892.2461,2483313.2561,2477421.01,2.483313,1000000.0,2.5118
2020-12-10,5892.2461,2483312.9661,2477420.72,2.483313,1000000.0,2.4833
2020-12-11,5892.2461,2471242.9861,2465350.74,2.471243,1000000.0,2.4833
2020-12-14,8741.8414,2474743.8914,2466002.05,2.474744,1000000.0,2.4712
2020-12-15,8741.8414,2417861.4614,2409119.62,2.417861,1000000.0,2.4747
2020-12-16,8741.8414,2403677.1214,2394935.28,2.403677,1000000.0,2.4179
2020-12-17,8741.8414,2419705.2114,2410963.37,2.419705,1000000.0,2.4037
2020-12-18,8741.8414,2404812.1514,2396070.31,2.404812,1000000.0,2.4197
2020-12-21,4044.3343,2413295.8343,2409251.5,2.413296,1000000.0,2.4048
2020-12-22,4044.3343,2385208.8343,2381164.5,2.385209,1000000.0,2.4133
2020-12-23,4044.3343,2374478.0643,2370433.73,2.374478,1000000.0,2.3852
2020-12-24,4044.3343,2307047.7243,2303003.39,2.307048,1000000.0,2.3745
2020-12-25,4044.3343,2325880.0243,2321835.69,2.32588,1000000.0,2.307
2020-12-28,5109.1132,2307554.1132,2302445.0,2.307554,1000000.0,2.3259
2020-12-29,5109.1132,2315093.0332,2309983.92,2.315093,1000000.0,2.3076
2020-12-30,5109.1132,2341749.4532,2336640.34,2.341749,1000000.0,2.3151
2020-12-31,5109.1132,2370429.2432,2365320.13,2.370429,1000000.0,2.3417
2021-01-04,2637.0936,2385171.3036,2382534.21,2.385171,1000000.0,2.3704
2021-01-05,2637.0936,2376901.8836,2374264.79,2.376902,1000000.0,2.3852
2021-01-06,2637.0936,2381918.8336,2379281.74,2.381919,1000000.0,2.3769
2021-01-07,2637.0936,2336398.1736,2333761.08,2.336398,1000000.0,2.3819
2021-01-08,2637.0936,2322751.7236,2320114.63,2.322752,1000000.0,2.3364
2021-01-11,1214.628,2288949.698,2287735.07,2.28895,1000000.0,2.3228
2021-01-12,1214.628,2290825.118,2289610.49,2.290825,1000000.0,2.2889
2021-01-13,1214.628,2245775.668,2244561.04,2.245776,1000000.0,2.2908
2021-01-14,1214.628,2270990.858,2269776.23,2.270991,1000000.0,2.2458
2021-01-15,1214.628,2284988.228,2283773.6,2.284988,1000000.0,2.271
2021-01-18,3124.7638,2298347.8238,2295223.06,2.298348,1000000.0,2.285
2021-01-19,3124.7638,2311021.8638,2307897.1,2.311022,1000000.0,2.2983
2021-01-20,3124.7638,2310590.9238,2307466.16,2.310591,1000000.0,2.311
2021-01-21,3124.7638,2310480.6238,2307355.86,2.310481,1000000.0,2.3106
2021-01-22,3124.7638,2301331.8838,2298207.12,2.301332,1000000.0,2.3105
2021-01-25,4108.5242,2279649.5242,2275541.0,2.27965,1000000.0,2.3013
2021-01-26,4108.5242,2268623.0242,2264514.5,2.268623,1000000.0,2.2796
2021-01-27,4108.5242,2255583.9642,2251475.44,2.255584,1000000.0,2.2686
2021-01-28,4108.5242,2240357.5542,2236249.03,2.240358,1000000.0,2.2556
2021-01-29,4108.5242,2208148.6442,2204040.12,2.208149,1000000.0,2.2404
2021-02-01,730.3141,2196070.4541,2195340.14,2.19607,1000000.0,2.2081
2021-02-02,730.3141,2173391.5641,2172661.25,2.173392,1000000.0,2.1961
2021-02-03,730.3141,2170372.9341,2169642.62,2.170373,1000000.0,2.1734
2021-02-04,730.3141,2130087.3241,2129357.01,2.130087,1000000.0,2.1704
2021-02-05,730.3141,2117587.0841,2116856.77,2.117587,1000000.0,2.1301
2021-02-08,4187.3952,2091910.7752,2087723.38,2.091911,1000000.0,2.1176
2021-02-09,4187.3952,2132577.0952,2128389.7,2.132577,1000000.0,2.0919
2021-02-10,4187.3952,2161589.4652,2157402.07,2.161589,1000000.0,2.1326
2021-02-18,3192.7533,2201888.2833,2198695.53,2.201888,1000000.0,2.1616
2021-02-19,3192.7533,2261719.5433,2258526.79,2.26172,1000000.0,2.2019
2021-02-22,5494.718,2300506.818,2295012.1,2.300507,1000000.0,2.2617
2021-02-23,5494.718,2286466.838,2280972.12,2.286467,1000000.0,2.3005
2021-02-24,5494.718,2277880.818,2272386.1,2.277881,1000000.0,2.2865
2021-02-25,5494.718,2265424.218,2259929.5,2.265424,1000000.0,2.2779
2021-02-26,5494.718,2277180.228,2271685.51,2.27718,1000000.0,2.2654
2021-03-01,4598.0307,2297929.6007,2293331.57,2.29793,1000000.0,2.2772
2021-03-02,4598.0307,2300273.2707,2295675.24,2.300273,1000000.0,2.2979
2021-03-03,4598.0307,2326340.9307,2321742.9,2.326341,1000000.0,2.3003
2021-03-04,4598.0307,2327222.1907,2322624.16,2.327222,1000000.0,2.3263
2021-03-05,4598.0307,2372374.5407,2367776.51,2.372375,1000000.0,2.3272
2021-03-08,8060.4177,2375996.4877,2367936.07,2.375996,1000000.0,2.3724
2021-03-09,8060.4177,2355471.0577,2347410.64,2.355471,1000000.0,2.376
2021-03-10,8060.4177,2358136.2177,2350075.8,2.358136,1000000.0,2.3555
2021-03-11,8060.4177,2381158.6377,2373098.22,2.381159,1000000.0,2.3581
2021-03-12,8060.4177,2400122.0077,2392061.59,2.400122,1000000.0,2.3812
2021-03-15,6910.9653,2415156.6553,2408245.69,2.415157,1000000.0,2.4001
2021-03-16,6910.9653,2424688.5953,2417777.63,2.424689,1000000.0,2.4152
2021-03-17,6910.9653,2438012.4753,2431101.51,2.438012,1000000.0,2.4247
2021-03-18,6910.9653,2446250.5153,2439339.55,2.446251,1000000.0,2.438
2021-03-19,6910.9653,2449798.8053,2442887.84,2.449799,1000000.0,2.4463
2021-03-22,2481.8549,2483889.1449,2481407.29,2.483889,1000000.0,2.4498
2021-03-23,2481.8549,2456500.5149,2454018.66,2.456501,1000000.0,2.4839
2021-03-24,2481.8549,2452040.8849,2449559.03,2.452041,1000000.0,2.4565
2021-03-25,2481.8549,2429619.9449,2427138.09,2.42962,1000000.0,2.452
2021-03-26,2481.8549,2447952.4049,2445470.55,2.447952,1000000.0,2.4296
2021-03-29,3488.5031,2444505.6131,2441017.11,2.444506,1000000.0,2.448
2021-03-30,3488.5031,2426969.0031,2423480.5,2.426969,1000000.0,2.4445
2021-03-31,3488.5031,2416997.6531,2413509.15,2.416998,1000000.0,2.427
2021-04-01,3488.5031,2438884.1631,2435395.66,2.438884,1000000.0,2.417
2021-04-02,3488.5031,2428578.6231,2425090.12,2.428579,1000000.0,2.4389
2021-04-06,3547.519,2460384.669,2456837.15,2.460385,1000000.0,2.4286
2021-04-07,3547.519,2479686.639,2476139.12,2.479687,1000000.0,2.4604
2021-04-08,3547.519,2492852.579,2489305.06,2.492853,1000000.0,2.4797
2021-04-09,3547.519,2516181.619,2512634.1,2.516182,1000000.0,2.4929
2021-04-12,5217.3093,2499585.9393,2494368.63,2.499586,1000000.0,2.5162
2021-04-13,5217.3093,2474153.0393,2468935.73,2.474153,1000000.0,2.4996
2021-04-14,5217.3093,2490925.3093,2485708.0,2.490925,1000000.0,2.4742
2021-04-15,5217.3093,2484925.7393,2479708.43,2.484926,1000000.0,2.4909
2021-04-16,5217.3093,2510725.6693,2505508.36,2.510726,1000000.0,2.4849
2021-04-19,3829.3987,2533222.5787,2529393.18,2.533223,1000000.0,2.5107
2021-04-20,3829.3987,2545988.3487,2542158.95,2.545988,1000000.0,2.5332
2021-04-21,3829.3987,2541332.6187,2537503.22,2.541333,1000000.0,2.546
2021-04-22,3829.3987,2547257.6487,2543428.25,2.547258,1000000.0,2.5413
2021-04-23,3829.3987,2547347.2087,2543517.81,2.547347,1000000.0,2.5473
2021-04-26,2484.1269,2555462.4169,2552978.29,2.555462,1000000.0,2.5473
2021-04-27,2484.1269,2539028.6069,2536544.48,2.539029,1000000.0,2.5555
2021-04-28,2484.1269,2543131.0069,2540646.88,2.543131,1000000.0,2.539
2021-04-29,2484.1269,2542347.4569,2539863.33,2.542347,1000000.0,2.5431
2021-04-30,2484.1269,2541245.3769,2538761.25,2.541245,1000000.0,2.5423
2021-05-06,603.4648,2555738.2048,2555134.74,2.555738,1000000.0,2.5412
2021-05-07,603.4648,2563759.7348,2563156.27,2.56376,1000000.0,2.5557
2021-05-10,3418.297,2568106.807,2564688.51,2.568107,1000000.0,2.5638
2021-05-11,3418.297,2575180.267,2571761.97,2.57518,1000000.0,2.5681
2021-05-12,3418.297,2589748.527,2586330.23,2.589749,1000000.0,2.5752
2021-05-13,3418.297,2586747.217,2583328.92,2.586747,1000000.0,2.5897
2021-05-14,3418.297,2595030.397,2591612.1,2.59503,1000000.0,2.5867
2021-05-17,2369.1992,2564632.6192,2562263.42,2.564633,1000000.0,2.595
2021-05-18,2369.1992,2584867.9392,2582498.74,2.584868,1000000.0,2.5646
2021-05-19,2369.1992,2589135.8192,2586766.62,2.589136,1000000.0,2.5849
2021-05-20,2369.1992,2589847.1292,2587477.93,2.589847,1000000.0,2.5891
2021-05-21,2369.1992,2601037.0592,2598667.86,2.601037,1000000.0,2.5898
2021-05-24,3421.4485,2608259.8985,2604838.45,2.60826,1000000.0,2.601
2021-05-25,3421.4485,2622267.3885,2618845.94,2.622267,1000000.0,2.6083
2021-05-26,3421.4485,2637656.0285,2634234.58,2.637656,1000000.0,2.6223
2021-05-27,3421.4485,2656576.0285,2653154.58,2.656576,1000000.0,2.6377
2021-05-28,3421.4485,2647413.1885,2643991.74,2.647413,1000000.0,2.6566
2021-05-31,6264.6586,2665248.1286,2658983.47,2.665248,1000000.0,2.6474
2021-06-01,6264.6586,2673221.3786,2666956.72,2.673221,1000000.0,2.6652
2021-06-02,6264.6586,2675065.4486,2668800.79,2.675065,1000000.0,2.6732
2021-06-03,6264.6586,2678295.4286,2672030.77,2.678295,1000000.0,2.6751
2021-06-04,6264.6586,2688626.9186,2682362.26,2.688627,1000000.0,2.6783
2021-06-07,6676.902,2677242.382,2670565.48,2.677242,1000000.0,2.6886
2021-06-08,6676.902,2663829.452,2657152.55,2.663829,1000000.0,2.6772
2021-06-09,6676.902,2667607.512,2660930.61,2.667608,1000000.0,2.6638
2021-06-10,6676.902,2672237.102,2665560.2,2.672237,1000000.0,2.6676
2021-06-11,6676.902,2677177.942,2670501.04,2.677178,1000000.0,2.6722
2021-06-15,443.8201,2650115.1101,2649671.29,2.650115,1000000.0,2.6772
2021-06-16,443.8201,2653330.3501,2652886.53,2.65333,1000000.0,2.6501
2021-06-17,443.8201,2651602.5801,2651158.76,2.651603,1000000.0,2.6533
2021-06-18,443.8201,2640791.1001,2640347.28,2.640791,1000000.0,2.6516
2021-06-21,8441.9721,2671771.3821,2663329.41,2.671771,1000000.0,2.6408
2021-06-22,8441.9721,2693045.5721,2684603.6,2.693046,1000000.0,2.6718
2021-06-23,8441.9721,2703868.9921,2695427.02,2.703869,1000000.0,2.693
2021-06-24,8441.9721,2718653.6021,2710211.63,2.718654,1000000.0,2.7039
2021-06-25,8441.9721,2728643.9421,2720201.97,2.728644,1000000.0,2.7187
2021-06-28,4600.2635,2728009.3835,2723409.12,2.728009,1000000.0,2.7286
2021-06-29,4600.2635,2712320.0235,2707719.76,2.71232,1000000.0,2.728
2021-06-30,4600.2635,2714631.3935,2710031.13,2.714631,1000000.0,2.7123
2021-07-01,4600.2635,2697360.7635,2692760.5,2.697361,1000000.0,2.7146
2021-07-02,4600.2635,2686897.4335,2682297.17,2.686897,1000000.0,2.6974
2021-07-05,9122.9516,2710939.9016,2701816.95,2.71094,1000000.0,2.6869
2021-07-06,9122.9516,2717069.1516,2707946.2,2.717069,1000000.0,2.7109
2021-07-07,9122.9516,2727774.4316,2718651.48,2.727774,1000000.0,2.7171
2021-07-08,9122.9516,2740838.4016,2731715.45,2.740838,1000000.0,2.7278
2021-07-09,9122.9516,2758804.4716,2749681.52,2.758804,1000000.0,2.7408
2021-07-12,9919.3789,2786166.9689,2776247.59,2.786167,1000000.0,2.7588
2021-07-13,9919.3789,2802503.8089,2792584.43,2.802504,1000000.0,2.7862
2021-07-14,9919.3789,2790573.0089,2780653.63,2.790573,1000000.0,2.8025
2021-07-15,9919.3789,2795477.9289,2785558.55,2.795478,1000000.0,2.7906
2021-07-16,9919.3789,2808129.6289,2798210.25,2.80813,1000000.0,2.7955
2021-07-19,4894.8523,2807018.6223,2802123.77,2.807019,1000000.0,2.8081
2021-07-20,4894.8523,2807911.5823,2803016.73,2.807912,1000000.0,2.807
2021-07-21,4894.8523,2820145.4823,2815250.63,2.820145,1000000.0,2.8079
2021-07-22,4894.8523,2846196.1623,2841301.31,2.846196,1000000.0,2.8201
2021-07-23,4894.8523,2875303.1523,2870408.3,2.875303,1000000.0,2.8462
2021-07-26,9174.7665,2837667.5365,2828492.77,2.837668,1000000.0,2.8753
2021-07-27,9174.7665,2792019.9765,2782845.21,2.79202,1000000.0,2.8377
2021-07-28,9174.7665,2766797.2365,2757622.47,2.766797,1000000.0,2.792
2021-07-29,9174.7665,2794518.6165,2785343.85,2.794519,1000000.0,2.7668
2021-07-30,9174.7665,2829769.1565,2820594.39,2.829769,1000000.0,2.7945
2021-08-02,7087.4727,2882115.9127,2875028.44,2.882116,1000000.0,2.8298
2021-08-03,7087.4727,2886330.7627,2879243.29,2.886331,1000000.0,2.8821
2021-08-04,7087.4727,2908525.3427,2901437.87,2.908525,1000000.0,2.8863
2021-08-05,7087.4727,2916593.9827,2909506.51,2.916594,1000000.0,2.9085
2021-08-06,7087.4727,2927904.2527,2920816.78,2.927904,1000000.0,2.9166
2021-08-09,8186.7824,2944151.8524,2935965.07,2.944152,1000000.0,2.9279
2021-08-10,8186.7824,2953014.5524,2944827.77,2.953015,1000000.0,2.9442
2021-08-11,8186.7824,2982047.6024,2973860.82,2.982048,1000000.0,2.953
2021-08-12,8186.7824,2981918.2724,2973731.49,2.981918,1000000.0,2.982
2021-08-13,8186.7824,2988525.7724,2980338.99,2.988526,1000000.0,2.9819
2021-08-16,7615.6579,3003087.7179,2995472.06,3.003088,1000000.0,2.9885
2021-08-17,7615.6579,2979783.7979,2972168.14,2.979784,1000000.0,3.0031
2021-08-18,7615.6579,2992994.0879,2985378.43,2.992994,1000000.0,2.9798
2021-08-19,7615.6579,2989028.3479,2981412.69,2.989028,1000000.0,2.993
2021-08-20,7615.6579,2980017.4979,2972401.84,2.980017,1000000.0,2.989
2021-08-23,4328.4251,2997445.2551,2993116.83,2.997445,1000000.0,2.98
2021-08-24,4328.4251,3002577.1951,2998248.77,3.002577,1000000.0,2.9974
2021-08-25,4328.4251,3035748.2451,3031419.82,3.035748,1000000.0,3.0026
2021-08-26,4328.4251,3042731.7051,3038403.28,3.042732,1000000.0,3.0357
2021-08-27,4328.4251,3046812.2551,3042483.83,3.046812,1000000.0,3.0427
2021-08-30,3290.0952,3056296.6252,3053006.53,3.056297,1000000.0,3.0468
2021-08-31,3290.0952,3078265.5752,3074975.48,3.078266,1000000.0,3.0563
2021-09-01,3290.0952,3094863.8252,3091573.73,3.094864,1000000.0,3.0783
2021-09-02,3290.0952,3138993.4652,3135703.37,3.138993,1000000.0,3.0949
2021-09-03,3290.0952,3148172.7452,3144882.65,3.148173,1000000.0,3.139
2021-09-06,4068.2253,3161708.8853,3157640.66,3.161709,1000000.0,3.1482
2021-09-07,4068.2253,3202492.1453,3198423.92,3.202492,1000000.0,3.1617
2021-09-08,4068.2253,3236931.8153,3232863.59,3.236932,1000000.0,3.2025
2021-09-09,4068.2253,3235967.3053,3231899.08,3.235967,1000000.0,3.2369
2021-09-10,4068.2253,3214358.7753,3210290.55,3.214359,1000000.0,3.236
2021-09-13,7413.8313,3227705.5813,3220291.75,3.227706,1000000.0,3.2144
2021-09-14,7413.8313,3175983.7813,3168569.95,3.175984,1000000.0,3.2277
2021-09-15,7413.8313,3162633.2613,3155219.43,3.162633,1000000.0,3.176
2021-09-16,7413.8313,3123195.9613,3115782.13,3.123196,1000000.0,3.1626
2021-09-17,7413.8313,3103243.9013,3095830.07,3.103244,1000000.0,3.1232
2021-09-22,5073.7198,3108214.5798,3103140.86,3.108215,1000000.0,3.1032
2021-09-23,5073.7198,3176620.0598,3171546.34,3.17662,1000000.0,3.1082
2021-09-24,5073.7198,3149155.5698,3144081.85,3.149156,1000000.0,3.1766
