date,cash,transaction_cost,market_value,total_value
2018-01-02,11431.1771,790.2229,987778.6,999209.7771
2018-01-03,11431.1771,0.0,997119.1,1008550.2771
2018-01-04,11431.1771,0.0,1005380.06,1016811.2371
2018-01-05,11431.1771,0.0,1016315.26,1027746.4371
2018-01-08,6082.0671,93.1636,1022835.04,1028917.1071
2018-01-09,6082.0671,0.0,1015986.22,1022068.2871
2018-01-10,6082.0671,0.0,1011205.54,1017287.6071
2018-01-11,6082.0671,0.0,1014669.95,1020752.0171
2018-01-12,6082.0671,0.0,1012640.51,1018722.5771
2018-01-15,4149.076,185.1989,999453.41,1003602.486
2018-01-16,4149.076,0.0,999989.72,1004138.796
2018-01-17,4149.076,0.0,1001138.71,1005287.786
2018-01-18,4149.076,0.0,1006099.45,1010248.526
2018-01-19,4149.076,0.0,1011826.48,1015975.556
2018-01-22,6969.8795,110.2604,1021353.73,1028323.6095
2018-01-23,6969.8795,0.0,1027110.36,1034080.2395
2018-01-24,6969.8795,0.0,1037156.47,1044126.3495
2018-01-25,6969.8795,0.0,1048767.07,1055736.9495
2018-01-26,6969.8795,0.0,1046504.68,1053474.5595
2018-01-29,8244.7164,226.0248,1031722.21,1039966.9264
2018-01-30,8244.7164,0.0,1027214.82,1035459.5364
2018-01-31,8244.7164,0.0,1019894.02,1028138.7364
2018-02-01,8244.7164,0.0,1004187.72,1012432.4364
2018-02-02,8244.7164,0.0,1006013.65,1014258.3664
2018-02-05,5407.4996,101.3197,1008969.52,1014377.0196
2018-02-06,5407.4996,0.0,996773.96,1002181.4596
2018-02-07,5407.4996,0.0,995688.55,1001096.0496
2018-02-08,5407.4996,0.0,999970.12,1005377.6196
2018-02-09,5407.4996,0.0,985397.04,990804.5396
2018-02-12,2089.4171,185.9684,1003953.69,1006043.1071
2018-02-13,2089.4171,0.0,1008363.38,1010452.7971
2018-02-14,2089.4171,0.0,1009630.19,1011719.6071
2018-02-22,4965.2396,131.2428,1013473.96,1018439.1996
2018-02-23,4965.2396,0.0,1011918.03,1016883.2696
2018-02-26,4924.0537,92.9776,1022011.56,1026935.6137
2018-02-27,4924.0537,0.0,1021003.29,1025927.3437
2018-02-28,4924.0537,0.0,1019088.86,1024012.9137
2018-03-01,4924.0537,0.0,1023735.52,1028659.5737
2018-03-02,4924.0537,0.0,1021228.26,1026152.3137
2018-03-05,5664.6249,102.7681,1020404.75,1026069.3749
2018-03-06,5664.6249,0.0,1018928.2,1024592.8249
2018-03-07,5664.6249,0.0,1018213.7,1023878.3249
2018-03-08,5664.6249,0.0,1019315.68,1024980.3049
2018-03-09,5664.6249,0.0,1025480.54,1031145.1649
2018-03-12,8664.1282,99.5592,1028622.59,1037286.7182
2018-03-13,8664.1282,0.0,1032598.75,1041262.8782
2018-03-14,8664.1282,0.0,1027684.7,1036348.8282
2018-03-15,8664.1282,0.0,1024860.61,1033524.7382
2018-03-16,8664.1282,0.0,1026497.78,1035161.9082
2018-03-19,7892.2074,158.0481,1028272.24,1036164.4474
2018-03-20,7892.2074,0.0,1026605.3,1034497.5074
2018-03-21,7892.2074,0.0,1026303.12,1034195.3274
2018-03-22,7892.2074,0.0,1026237.72,1034129.9274
2018-03-23,7892.2074,0.0,1012518.12,1020410.3274
2018-03-26,6818.3707,195.1054,1019526.96,1026345.3307
2018-03-27,6818.3707,0.0,1028413.1,1035231.4707
2018-03-28,6818.3707,0.0,1025382.96,1032201.3307
2018-03-29,6818.3707,0.0,1024260.52,1031078.8907
2018-03-30,6818.3707,0.0,1030783.88,1037602.2507
2018-04-02,8380.1096,155.2499,1036224.91,1044605.0196
2018-04-03,8380.1096,0.0,1034537.33,1042917.4396
2018-04-04,8380.1096,0.0,1036317.13,1044697.2396
2018-04-09,8863.3959,136.3335,1037221.82,1046085.2159
2018-04-10,8863.3959,0.0,1033364.17,1042227.5659
2018-04-11,8863.3959,0.0,1034689.89,1043553.2859
2018-04-12,8863.3959,0.0,1031877.64,1040741.0359
2018-04-13,8863.3959,0.0,1031034.66,1039898.0559
2018-04-16,6923.9575,226.3921,1029144.91,1036068.8675
2018-04-17,6923.9575,0.0,1026437.04,1033360.9975
2018-04-18,6923.9575,0.0,1031428.79,1038352.7475
2018-04-19,6923.9575,0.0,1032151.73,1039075.6875
2018-04-20,6923.9575,0.0,1027036.28,1033960.2375
2018-04-23,5291.8275,226.907,1014024.09,1019315.9175
2018-04-24,5291.8275,0.0,1026049.42,1031341.2475
2018-04-25,5291.8275,0.0,1023958.98,1029250.8075
2018-04-26,5291.8275,0.0,1021917.19,1027209.0175
2018-04-27,5291.8275,0.0,1020728.98,1026020.8075
2018-05-02,9023.9712,98.3544,1014714.6,1023738.5712
2018-05-03,9023.9712,0.0,1020084.44,1029108.4112
2018-05-04,9023.9712,0.0,1022691.33,1031715.3012
2018-05-07,8977.5322,185.1802,1030232.88,1039210.4122
2018-05-08,8977.5322,0.0,1033855.81,1042833.3422
2018-05-09,8977.5322,0.0,1034710.87,1043688.4022
2018-05-10,8977.5322,0.0,1038970.89,1047948.4222
2018-05-11,8977.5322,0.0,1032032.74,1041010.2722
2018-05-14,5936.9424,145.151,1029724.62,1035661.5624
2018-05-15,5936.9424,0.0,1037425.26,1043362.2024
2018-05-16,5936.9424,0.0,1034013.34,1039950.2824
2018-05-17,5936.9424,0.0,1034802.62,1040739.5624
2018-05-18,5936.9424,0.0,1034482.44,1040419.3824
2018-05-21,3467.2224,156.6441,1041150.59,1044617.8124
2018-05-22,3467.2224,0.0,1044290.69,1047757.9124
2018-05-23,3467.2224,0.0,1039687.42,1043154.6424
2018-05-24,3467.2224,0.0,1039406.42,1042873.6424
2018-05-25,3467.2224,0.0,1033601.8,1037069.0224
2018-05-28,2049.9374,96.645,1025655.54,1027705.4774
2018-05-29,2049.9374,0.0,1018391.86,1020441.7974
2018-05-30,2049.9374,0.0,1002369.87,1004419.8074
2018-05-31,2049.9374,0.0,1007335.16,1009385.0974
2018-06-01,2049.9374,0.0,1006730.56,1008780.4974
2018-06-04,4581.119,180.1912,997230.78,1001811.899
2018-06-05,4581.119,0.0,1008687.93,1013269.049
2018-06-06,4581.119,0.0,1013067.91,1017649.029
2018-06-07,4581.119,0.0,1017645.57,1022226.689
2018-06-08,4581.119,0.0,1011717.61,1016298.729
2018-06-11,4936.5542,123.726,1008989.87,1013926.4242
2018-06-12,4936.5542,0.0,1012195.22,1017131.7742
2018-06-13,4936.5542,0.0,1008154.86,1013091.4142
2018-06-14,4936.5542,0.0,1004322.93,1009259.4842
2018-06-15,4936.5542,0.0,995727.47,1000664.0242
2018-06-19,2957.0756,214.6524,961446.17,964403.2456
2018-06-20,2957.0756,0.0,964473.01,967430.0856
2018-06-21,2957.0756,0.0,957305.29,960262.3656
2018-06-22,2957.0756,0.0,958159.06,961116.1356
2018-06-25,2194.396,169.6573,961544.04,963738.436
2018-06-26,2194.396,0.0,964507.57,966701.966
2018-06-27,2194.396,0.0,962498.4,964692.796
2018-06-28,2194.396,0.0,960946.56,963140.956
2018-06-29,2194.396,0.0,975645.91,977840.306
2018-07-02,4611.8137,149.2869,968150.96,972762.7737
2018-07-03,4611.8137,0.0,974063.45,978675.2637
2018-07-04,4611.8137,0.0,971111.53,975723.3437
2018-07-05,4611.8137,0.0,966282.02,970893.8337
2018-07-06,4611.8137,0.0,967769.08,972380.8937
2018-07-09,3521.7217,92.0398,978723.86,982245.5817
2018-07-10,3521.7217,0.0,979367.42,982889.1417
2018-07-11,3521.7217,0.0,972692.37,976214.0917
2018-07-12,3521.7217,0.0,988490.13,992011.8517
2018-07-13,3521.7217,0.0,989308.12,992829.8417
2018-07-16,2557.1472,138.5486,988621.37,991178.5172
2018-07-17,2557.1472,0.0,995729.21,998286.3572
2018-07-18,2557.1472,0.0,999297.45,1001854.5972
2018-07-19,2557.1472,0.0,1002544.65,1005101.7972
2018-07-20,2557.1472,0.0,1008613.32,1011170.4672
2018-07-23,2385.5677,146.9504,1010498.24,1012883.8077
2018-07-24,2385.5677,0.0,1013287.09,1015672.6577
2018-07-25,2385.5677,0.0,1013180.75,1015566.3177
2018-07-26,2385.5677,0.0,1007527.92,1009913.4877
2018-07-27,2385.5677,0.0,1003371.49,1005757.0577
2018-07-30,149.9241,191.0602,999907.95,1000057.8741
2018-07-31,149.9241,0.0,1000604.57,1000754.4941
2018-08-01,149.9241,0.0,996869.21,997019.1341
2018-08-02,149.9241,0.0,987319.11,987469.0341
2018-08-03,149.9241,0.0,987699.89,987849.8141
2018-08-06,627.33,213.0823,979580.32,980207.65
2018-08-07,627.33,0.0,988693.47,989320.8
2018-08-08,627.33,0.0,981832.37,982459.7
2018-08-09,627.33,0.0,992279.37,992906.7
2018-08-10,627.33,0.0,998538.5,999165.83
2018-08-13,7217.1828,261.1406,993604.44,1000821.6228
2018-08-14,7217.1828,0.0,987695.51,994912.6928
2018-08-15,7217.1828,0.0,980814.39,988031.5728
2018-08-16,7217.1828,0.0,975796.95,983014.1328
2018-08-17,7217.1828,0.0,972444.33,979661.5128
2018-08-20,5846.8324,252.099,972141.24,977988.0724
2018-08-21,5846.8324,0.0,978850.3,984697.1324
2018-08-22,5846.8324,0.0,977574.61,983421.4424
2018-08-23,5846.8324,0.0,980323.11,986169.9424
2018-08-24,5846.8324,0.0,982064.57,987911.4024
2018-08-27,5569.0554,211.8438,988283.24,993852.2954
2018-08-28,5569.0554,0.0,994291.47,999860.5254
2018-08-29,5569.0554,0.0,990273.93,995842.9854
2018-08-30,5569.0554,0.0,985345.07,990914.1254
2018-08-31,5569.0554,0.0,983083.21,988652.2654
2018-09-03,5140.7829,177.4246,980165.25,985306.0329
2018-09-04,5140.7829,0.0,983802.24,988943.0229
2018-09-05,5140.7829,0.0,979708.86,984849.6429
2018-09-06,5140.7829,0.0,978922.6,984063.3829
2018-09-07,5140.7829,0.0,979251.04,984391.8229
2018-09-10,3396.1163,165.2263,975256.34,978652.4563
2018-09-11,3396.1163,0.0,974351.19,977747.3063
2018-09-12,3396.1163,0.0,975010.74,978406.8563
2018-09-13,3396.1163,0.0,977726.89,981123.0063
2018-09-14,3396.1163,0.0,978376.99,981773.1063
2018-09-17,532.2132,165.414,974087.15,974619.3632
2018-09-18,532.2132,0.0,977350.85,977883.0632
2018-09-19,532.2132,0.0,981114.31,981646.5232
2018-09-20,532.2132,0.0,982171.6,982703.8132
2018-09-21,532.2132,0.0,988054.34,988586.5532
2018-09-25,1591.473,83.7895,985867.26,987458.733
2018-09-26,1591.473,0.0,987695.09,989286.563
2018-09-27,1591.473,0.0,979092.44,980683.913
2018-09-28,1591.473,0.0,981805.51,983396.983
2018-10-08,1737.8375,125.031,969768.81,971506.6475
2018-10-09,1737.8375,0.0,969870.1,971607.9375
2018-10-10,1737.8375,0.0,969509.47,971247.3075
2018-10-11,1737.8375,0.0,944006.95,945744.7875
2018-10-12,1737.8375,0.0,946870.8,948608.6375
2018-10-15,1070.042,183.365,943852.76,944922.802
2018-10-16,1070.042,0.0,937436.61,938506.652
2018-10-17,1070.042,0.0,935213.13,936283.172
2018-10-18,1070.042,0.0,925675.31,926745.352
2018-10-19,1070.042,0.0,932323.1,933393.142
2018-10-22,423.548,177.3519,947449.89,947873.438
2018-10-23,423.548,0.0,945321.22,945744.768
2018-10-24,423.548,0.0,949030.05,949453.598
2018-10-25,423.548,0.0,949387.59,949811.138
2018-10-26,423.548,0.0,952758.05,953181.598
2018-10-29,2186.7116,166.9886,946706.4,948893.1116
2018-10-30,2186.7116,0.0,949683.27,951869.9816
2018-10-31,2186.7116,0.0,953660.43,955847.1416
2018-11-01,2186.7116,0.0,958387.69,960574.4016
2018-11-02,2186.7116,0.0,976701.32,978888.0316
2018-11-05,2125.4489,123.6948,979281.58,981407.0289
2018-11-06,2125.4489,0.0,975216.17,977341.6189
2018-11-07,2125.4489,0.0,976237.84,978363.2889
2018-11-08,2125.4489,0.0,974041.52,976166.9689
2018-11-09,2125.4489,0.0,972062.44,974187.8889
2018-11-12,1069.4321,89.0628,981508.17,982577.6021
2018-11-13,1069.4321,0.0,989319.59,990389.0221
2018-11-14,1069.4321,0.0,990155.56,991224.9921
2018-11-15,1069.4321,0.0,1001443.59,1002513.0221
2018-11-16,1069.4321,0.0,1006330.49,1007399.9221
2018-11-19,383.6318,132.7676,1008968.17,1009351.8018
2018-11-20,383.6318,0.0,994403.56,994787.1918
2018-11-21,383.6318,0.0,994397.17,994780.8018
2018-11-22,383.6318,0.0,996438.59,996822.2218
2018-11-23,383.6318,0.0,984068.91,984452.5418
2018-11-26,812.7236,202.0422,983730.04,984542.7636
2018-11-27,812.7236,0.0,986390.21,987202.9336
2018-11-28,812.7236,0.0,994195.57,995008.2936
2018-11-29,812.7236,0.0,986458.81,987271.5336
2018-11-30,812.7236,0.0,986889.36,987702.0836
2018-12-03,4680.1483,198.8994,998677.81,1003357.9583
2018-12-04,4680.1483,0.0,1001150.62,1005830.7683
2018-12-05,4680.1483,0.0,999253.74,1003933.8883
2018-12-06,4680.1483,0.0,992602.68,997282.8283
2018-12-07,4680.1483,0.0,995854.12,1000534.2683
2018-12-10,5446.1897,146.5995,988536.78,993982.9697
2018-12-11,5446.1897,0.0,988976.15,994422.3397
2018-12-12,5446.1897,0.0,988139.51,993585.6997
2018-12-13,5446.1897,0.0,994273.43,999719.6197
2018-12-14,5446.1897,0.0,986613.55,992059.7397
2018-12-17,387.4918,193.1639,989822.53,990210.0218
2018-12-18,387.4918,0.0,984347.5,984734.9918
2018-12-19,387.4918,0.0,982636.84,983024.3318
2018-12-20,387.4918,0.0,981116.34,981503.8318
2018-12-21,387.4918,0.0,978133.0,978520.4918
2018-12-24,5191.4346,139.2802,976740.51,981931.9446
2018-12-25,5191.4346,0.0,972699.7,977891.1346
2018-12-26,5191.4346,0.0,971517.5,976708.9346
2018-12-27,5191.4346,0.0,970847.78,976039.2146
2018-12-28,5191.4346,0.0,969960.47,975151.9046
2019-01-02,6352.9239,216.5708,969452.14,975805.0639
2019-01-03,6352.9239,0.0,970456.45,976809.3739
2019-01-04,6352.9239,0.0,981669.41,988022.3339
2019-01-07,5389.4982,212.9564,1008593.2,1013982.6982
2019-01-08,5389.4982,0.0,1009694.27,1015083.7682
2019-01-09,5389.4982,0.0,1021900.78,1027290.2782
2019-01-10,5389.4982,0.0,1024134.63,1029524.1282
2019-01-11,5389.4982,0.0,1032726.35,1038115.8482
2019-01-14,7119.7169,249.8081,1031373.55,1038493.2669
2019-01-15,7119.7169,0.0,1040902.95,1048022.6669
2019-01-16,7119.7169,0.0,1045288.53,1052408.2469
2019-01-17,7119.7169,0.0,1039820.41,1046940.1269
2019-01-18,7119.7169,0.0,1037147.95,1044267.6669
2019-01-21,9038.1184,267.8813,1037748.12,1046786.2384
2019-01-22,9038.1184,0.0,1033563.06,1042601.1784
2019-01-23,9038.1184,0.0,1034902.17,1043940.2884
2019-01-24,9038.1184,0.0,1039860.29,1048898.4084
2019-01-25,9038.1184,0.0,1044434.52,1053472.6384
2019-01-28,7567.68,233.3995,1038093.46,1045661.14
2019-01-29,7567.68,0.0,1028115.11,1035682.79
2019-01-30,7567.68,0.0,1025114.06,1032681.74
2019-01-31,7567.68,0.0,1022193.31,1029760.99
2019-02-01,7567.68,0.0,1037653.19,1045220.87
2019-02-11,7847.811,229.013,1047790.77,1055638.581
2019-02-12,7847.811,0.0,1053720.09,1061567.901
2019-02-13,7847.811,0.0,1065267.61,1073115.421
2019-02-14,7847.811,0.0,1073775.7,1081623.511
2019-02-15,7847.811,0.0,1076339.86,1084187.671
2019-02-18,6585.377,224.3341,1105898.47,1112483.847
2019-02-19,6585.377,0.0,1108453.57,1115038.947
2019-02-20,6585.377,0.0,1119726.64,1126312.017
2019-02-21,6585.377,0.0,1121281.95,1127867.327
2019-02-22,6585.377,0.0,1131331.63,1137917.007
2019-02-25,4535.5033,174.2175,1157135.31,1161670.8133
2019-02-26,4535.5033,0.0,1166425.59,1170961.0933
2019-02-27,4535.5033,0.0,1166008.82,1170544.3233
2019-02-28,4535.5033,0.0,1169069.49,1173604.9933
2019-03-01,4535.5033,0.0,1176900.84,1181436.3433
2019-03-04,9805.087,230.9229,1184114.45,1193919.537
2019-03-05,9805.087,0.0,1215192.92,1224998.007
2019-03-06,9805.087,0.0,1257481.01,1267286.097
2019-03-07,9805.087,0.0,1279267.0,1289072.087
2019-03-08,9805.087,0.0,1257402.19,1267207.277
2019-03-11,6739.0495,477.082,1295899.79,1302638.8395
2019-03-12,6739.0495,0.0,1312432.16,1319171.2095
2019-03-13,6739.0495,0.0,1292356.62,1299095.6695
2019-03-14,6739.0495,0.0,1263602.24,1270341.2895
2019-03-15,6739.0495,0.0,1278630.48,1285369.5295
2019-03-18,5551.1131,187.4613,1306077.62,1311628.7331
2019-03-19,5551.1131,0.0,1329554.56,1335105.6731
2019-03-20,5551.1131,0.0,1331346.87,1336897.9831
2019-03-21,5551.1131,0.0,1346691.57,1352242.6831
2019-03-22,5551.1131,0.0,1337703.13,1343254.2431
2019-03-25,4826.8963,388.4669,1321941.93,1326768.8263
2019-03-26,4826.8963,0.0,1287228.33,1292055.2263
2019-03-27,4826.8963,0.0,1286937.78,1291764.6763
2019-03-28,4826.8963,0.0,1285645.2,1290472.0963
2019-03-29,4826.8963,0.0,1305077.47,1309904.3663
2019-04-01,6739.9242,238.2736,1330034.27,1336774.1942
2019-04-02,6739.9242,0.0,1338482.34,1345222.2642
2019-04-03,6739.9242,0.0,1347036.8,1353776.7242
2019-04-04,6739.9242,0.0,1365464.94,1372204.8642
2019-04-08,8517.0827,278.7332,1370778.76,1379295.8427
2019-04-09,8517.0827,0.0,1370966.36,1379483.4427
2019-04-10,8517.0827,0.0,1367665.5,1376182.5827
2019-04-11,8517.0827,0.0,1350858.85,1359375.9327
2019-04-12,8517.0827,0.0,1358437.75,1366954.8327
2019-04-15,8903.0824,324.6839,1340402.76,1349305.8424
2019-04-16,8903.0824,0.0,1345813.71,1354716.7924
2019-04-17,8903.0824,0.0,1352568.78,1361471.8624
2019-04-18,8903.0824,0.0,1360758.25,1369661.3324
2019-04-19,8903.0824,0.0,1357679.35,1366582.4324
2019-04-22,10457.0684,279.2723,1369551.32,1380008.3884
2019-04-23,10457.0684,0.0,1350357.56,1360814.6284
2019-04-24,10457.0684,0.0,1344044.53,1354501.5984
2019-04-25,10457.0684,0.0,1348573.92,1359030.9884
2019-04-26,10457.0684,0.0,1352028.82,1362485.8884
2019-04-29,10709.8588,572.187,1321357.83,1332067.6888
2019-04-30,10709.8588,0.0,1329964.87,1340674.7288
2019-05-06,5424.0423,431.4458,1274975.24,1280399.2823
2019-05-07,5424.0423,0.0,1291214.44,1296638.4823
2019-05-08,5424.0423,0.0,1307688.42,1313112.4623
2019-05-09,5424.0423,0.0,1305370.1,1310794.1423
2019-05-10,5424.0423,0.0,1334546.52,1339970.5623
2019-05-13,6425.1671,524.9902,1329686.64,1336111.8071
2019-05-14,6425.1671,0.0,1334758.31,1341183.4771
2019-05-15,6425.1671,0.0,1354640.88,1361066.0471
2019-05-16,6425.1671,0.0,1359862.2,1366287.3671
2019-05-17,6425.1671,0.0,1331493.06,1337918.2271
2019-05-20,6048.1966,489.7764,1321177.23,1327225.4266
2019-05-21,6048.1966,0.0,1329957.78,1336005.9766
2019-05-22,6048.1966,0.0,1329627.07,1335675.2666
2019-05-23,6048.1966,0.0,1321030.31,1327078.5066
2019-05-24,6048.1966,0.0,1321104.89,1327153.0866
2019-05-27,6298.7914,327.6678,1327109.65,1333408.4414
2019-05-28,6298.7914,0.0,1326767.05,1333065.8414
2019-05-29,6298.7914,0.0,1326744.25,1333043.0414
2019-05-30,6298.7914,0.0,1320589.98,1326888.7714
2019-05-31,6298.7914,0.0,1316883.16,1323181.9514
2019-06-03,1051.9434,237.1177,1313334.52,1314386.4634
2019-06-04,1051.9434,0.0,1300285.51,1301337.4534
2019-06-05,1051.9434,0.0,1300972.89,1302024.8334
2019-06-06,1051.9434,0.0,1287904.52,1288956.4634
2019-06-10,229.8682,412.068,1292329.34,1292559.2082
2019-06-11,229.8682,0.0,1323422.69,1323652.5582
2019-06-12,229.8682,0.0,1317962.85,1318192.7182
2019-06-13,229.8682,0.0,1321435.17,1321665.0382
2019-06-14,229.8682,0.0,1311261.83,1311491.6982
2019-06-17,415.9894,520.0641,1309211.07,1309627.0594
2019-06-18,415.9894,0.0,1305900.19,1306316.1794
2019-06-19,415.9894,0.0,1314812.28,1315228.2694
2019-06-20,415.9894,0.0,1334869.64,1335285.6294
2019-06-21,415.9894,0.0,1347617.14,1348033.1294
2019-06-24,10339.9148,458.825,1336094.43,1346434.3448
2019-06-25,10339.9148,0.0,1336311.68,1346651.5948
2019-06-26,10339.9148,0.0,1343049.67,1353389.5848
2019-06-27,10339.9148,0.0,1348472.27,1358812.1848
2019-06-28,10339.9148,0.0,1359699.94,1370039.8548
2019-07-01,12591.6509,354.7398,1401179.18,1413770.8309
2019-07-02,12591.6509,0.0,1407305.75,1419897.4009
2019-07-03,12591.6509,0.0,1410784.64,1423376.2909
2019-07-04,12591.6509,0.0,1416569.79,1429161.4409
2019-07-05,12591.6509,0.0,1406933.22,1419524.8709
2019-07-08,8839.7903,380.611,1396675.81,1405515.6003
2019-07-09,8839.7903,0.0,1397847.55,1406687.3403
2019-07-10,8839.7903,0.0,1397288.27,1406128.0603
2019-07-11,8839.7903,0.0,1397720.45,1406560.2403
2019-07-12,8839.7903,0.0,1400315.11,1409154.9003
2019-07-15,4470.3711,366.4811,1409375.02,1413845.3911
2019-07-16,4470.3711,0.0,1410292.39,1414762.7611
2019-07-17,4470.3711,0.0,1416943.69,1421414.0611
2019-07-18,4470.3711,0.0,1407844.83,1412315.2011
2019-07-19,4470.3711,0.0,1406316.9,1410787.2711
2019-07-22,861.9111,297.9978,1389399.26,1390261.1711
2019-07-23,861.9111,0.0,1396838.47,1397700.3811
2019-07-24,861.9111,0.0,1400510.48,1401372.3911
2019-07-25,861.9111,0.0,1401984.95,1402846.8611
2019-07-26,861.9111,0.0,1406759.79,1407621.7011
2019-07-29,2546.8941,245.308,1409119.01,1411665.9041
2019-07-30,2546.8941,0.0,1419167.88,1421714.7741
2019-07-31,2546.8941,0.0,1418740.37,1421287.2641
2019-08-01,2546.8941,0.0,1415325.16,1417872.0541
2019-08-02,2546.8941,0.0,1409826.69,1412373.5841
2019-08-05,5084.6328,308.1951,1398690.6,1403775.2328
2019-08-06,5084.6328,0.0,1386464.8,1391549.4328
2019-08-07,5084.6328,0.0,1395774.02,1400858.6528
2019-08-08,5084.6328,0.0,1397710.52,1402795.1528
2019-08-09,5084.6328,0.0,1398305.1,1403389.7328
2019-08-12,7018.6013,290.1864,1399322.11,1406340.7113
2019-08-13,7018.6013,0.0,1398908.94,1405927.5413
2019-08-14,7018.6013,0.0,1401833.98,1408852.5813
2019-08-15,7018.6013,0.0,1401637.43,1408656.0313
2019-08-16,7018.6013,0.0,1410564.84,1417583.4413
2019-08-19,4863.6696,283.6426,1432655.55,1437519.2196
2019-08-20,4863.6696,0.0,1441970.8,1446834.4696
2019-08-21,4863.6696,0.0,1440119.92,1444983.5896
2019-08-22,4863.6696,0.0,1440535.31,1445398.9796
2019-08-23,4863.6696,0.0,1445952.51,1450816.1796
2019-08-26,5902.056,184.5728,1437358.75,1443260.806
2019-08-27,5902.056,0.0,1451699.9,1457601.956
2019-08-28,5902.056,0.0,1450620.51,1456522.566
2019-08-29,5902.056,0.0,1455420.51,1461322.566
2019-08-30,5902.056,0.0,1450012.25,1455914.306
2019-09-02,7863.9128,272.7857,1457279.06,1465142.9728
2019-09-03,7863.9128,0.0,1463120.27,1470984.1828
2019-09-04,7863.9128,0.0,1470420.02,1478283.9328
2019-09-05,7863.9128,0.0,1479466.55,1487330.4628
2019-09-06,7863.9128,0.0,1487083.91,1494947.8228
2019-09-09,8609.1371,281.7247,1502485.1,1511094.2371
2019-09-10,8609.1371,0.0,1519598.43,1528207.5671
2019-09-11,8609.1371,0.0,1511575.53,1520184.6671
2019-09-12,8609.1371,0.0,1503479.5,1512088.6371
2019-09-16,7359.892,317.2829,1504122.73,1511482.622
2019-09-17,7359.892,0.0,1482551.97,1489911.862
2019-09-18,7359.892,0.0,1485033.49,1492393.382
2019-09-19,7359.892,0.0,1488156.07,1495515.962
2019-09-20,7359.892,0.0,1498233.38,1505593.272
2019-09-23,11086.6765,400.3136,1503097.02,1514183.6965
2019-09-24,11086.6765,0.0,1499805.45,1510892.1265
2019-09-25,11086.6765,0.0,1490094.19,1501180.8665
2019-09-26,11086.6765,0.0,1482931.11,1494017.7865
2019-09-27,11086.6765,0.0,1487323.19,1498409.8665
2019-09-30,5475.3829,377.6959,1488073.84,1493549.2229
2019-10-08,3572.2104,139.8147,1490997.76,1494569.9704
2019-10-09,3572.2104,0.0,1497429.67,1501001.8804
2019-10-10,3572.2104,0.0,1508146.78,1511718.9904
2019-10-11,3572.2104,0.0,1514534.82,1518107.0304
2019-10-14,11389.706,225.5837,1516098.36,1527488.066
2019-10-15,11389.706,0.0,1510971.72,1522361.426
2019-10-16,11389.706,0.0,1510906.36,1522296.066
2019-10-17,11389.706,0.0,1511940.07,1523329.776
2019-10-18,11389.706,0.0,1507131.14,1518520.846
2019-10-21,8953.5538,211.0678,1499606.2,1508559.7538
2019-10-22,8953.5538,0.0,1503536.86,1512490.4138
2019-10-23,8953.5538,0.0,1507738.46,1516692.0138
2019-10-24,8953.5538,0.0,1502486.08,1511439.6338
2019-10-25,8953.5538,0.0,1503042.65,1511996.2038
2019-10-28,9004.2622,216.8014,1515423.94,1524428.2022
2019-10-29,9004.2622,0.0,1507140.79,1516145.0522
2019-10-30,9004.2622,0.0,1496461.11,1505465.3722
2019-10-31,9004.2622,0.0,1493175.92,1502180.1822
2019-11-01,9004.2622,0.0,1498252.58,1507256.8422
2019-11-04,6837.9663,263.0199,1503555.88,1510393.8463
2019-11-05,6837.9663,0.0,1507837.04,1514675.0063
2019-11-06,6837.9663,0.0,1507143.78,1513981.7463
2019-11-07,6837.9663,0.0,1533102.9,1539940.8663
2019-11-08,6837.9663,0.0,1519370.84,1526208.8063
2019-11-11,6659.5484,287.3903,1508922.6,1515582.1484
2019-11-12,6659.5484,0.0,1509616.61,1516276.1584
2019-11-13,6659.5484,0.0,1505016.82,1511676.3684
2019-11-14,6659.5484,0.0,1506904.32,1513563.8684
2019-11-15,6659.5484,0.0,1494963.43,1501622.9784
2019-11-18,8215.1765,156.0137,1498414.79,1506629.9665
2019-11-19,8215.1765,0.0,1510994.61,1519209.7865
2019-11-20,8215.1765,0.0,1515911.95,1524127.1265
2019-11-21,8215.1765,0.0,1511425.82,1519640.9965
2019-11-22,8215.1765,0.0,1505518.42,1513733.5965
2019-11-25,4777.6812,339.6496,1507367.05,1512144.7312
2019-11-26,4777.6812,0.0,1512506.51,1517284.1912
2019-11-27,4777.6812,0.0,1510972.81,1515750.4912
2019-11-28,4777.6812,0.0,1508496.24,1513273.9212
2019-11-29,4777.6812,0.0,1506423.48,1511201.1612
2019-12-02,4782.1174,324.4737,1505687.25,1510469.3674
2019-12-03,4782.1174,0.0,1509163.63,1513945.7474
2019-12-04,4782.1174,0.0,1516212.6,1520994.7174
2019-12-05,4782.1174,0.0,1520813.65,1525595.7674
2019-12-06,4782.1174,0.0,1529215.01,1533997.1274
2019-12-09,2828.4024,273.1922,1534493.87,1537322.2724
2019-12-10,2828.4024,0.0,1553042.98,1555871.3824
2019-12-11,2828.4024,0.0,1550893.28,1553721.6824
2019-12-12,2828.4024,0.0,1549259.49,1552087.8924
2019-12-13,2828.4024,0.0,1558552.35,1561380.7524
2019-12-16,9219.202,422.394,1572000.38,1581219.582
2019-12-17,9219.202,0.0,1588126.14,1597345.342
2019-12-18,9219.202,0.0,1592853.75,1602072.952
2019-12-19,9219.202,0.0,1598708.66,1607927.862
2019-12-20,9219.202,0.0,1599399.44,1608618.642
2019-12-23,5036.0357,246.5969,1583775.9,1588811.9357
2019-12-24,5036.0357,0.0,1607654.45,1612690.4857
2019-12-25,5036.0357,0.0,1609206.06,1614242.0957
2019-12-26,5036.0357,0.0,1612727.98,1617764.0157
2019-12-27,5036.0357,0.0,1612803.62,1617839.6557
2019-12-30,3943.8821,151.1244,1616343.19,1620287.0721
2019-12-31,3943.8821,0.0,1622246.88,1626190.7621
2020-01-02,3943.8821,0.0,1646873.13,1650817.0121
2020-01-03,3943.8821,0.0,1655462.21,1659406.0921
2020-01-06,5620.6909,250.7913,1661164.51,1666785.2009
2020-01-07,5620.6909,0.0,1673296.48,1678917.1709
2020-01-08,5620.6909,0.0,1657779.7,1663400.3909
2020-01-09,5620.6909,0.0,1686394.38,1692015.0709
2020-01-10,5620.6909,0.0,1680280.28,1685900.9709
2020-01-13,7075.818,305.9074,1678125.58,1685201.398
2020-01-14,7075.818,0.0,1686589.21,1693665.028
2020-01-15,7075.818,0.0,1683208.96,1690284.778
2020-01-16,7075.818,0.0,1670856.26,1677932.078
2020-01-17,7075.818,0.0,1663673.53,1670749.348
2020-01-20,1231.3477,320.7547,1672334.43,1673565.7777
2020-01-21,1231.3477,0.0,1671868.44,1673099.7877
2020-01-22,1231.3477,0.0,1668624.4,1669855.7477
2020-01-23,1231.3477,0.0,1643344.93,1644576.2777
2020-02-03,11758.6401,487.816,1564590.54,1576349.1801
2020-02-04,11758.6401,0.0,1613351.36,1625110.0001
2020-02-05,11758.6401,0.0,1647397.43,1659156.0701
2020-02-06,11758.6401,0.0,1667912.74,1679671.3801
2020-02-07,11758.6401,0.0,1679073.41,1690832.0501
2020-02-10,9859.536,593.4677,1696704.82,1706564.356
2020-02-11,9859.536,0.0,1698536.61,1708396.146
2020-02-12,9859.536,0.0,1713750.13,1723609.666
2020-02-13,9859.536,0.0,1711538.8,1721398.336
2020-02-14,9859.536,0.0,1716351.56,1726211.096
2020-02-17,6969.6123,221.4618,1742661.79,1749631.4023
2020-02-18,6969.6123,0.0,1763045.81,1770015.4223
2020-02-19,6969.6123,0.0,1761995.14,1768964.7523
2020-02-20,6969.6123,0.0,1785750.6,1792720.2123
2020-02-21,6969.6123,0.0,1798986.27,1805955.8823
2020-02-24,7283.6259,188.1401,1812616.42,1819900.0459
2020-02-25,7283.6259,0.0,1806095.63,1813379.2559
2020-02-26,7283.6259,0.0,1781654.63,1788938.2559
2020-02-27,7283.6259,0.0,1778037.89,1785321.5159
2020-02-28,7283.6259,0.0,1738754.66,1746038.2859
2020-03-02,7228.0942,531.6264,1773698.63,1780926.7242
2020-03-03,7228.0942,0.0,1784129.77,1791357.8642
2020-03-04,7228.0942,0.0,1785640.73,1792868.8242
2020-03-05,7228.0942,0.0,1812255.73,1819483.8242
2020-03-06,7228.0942,0.0,1822106.71,1829334.8042
2020-03-09,2629.0103,545.642,1783763.46,1786392.4703
2020-03-10,2629.0103,0.0,1814379.69,1817008.7003
2020-03-11,2629.0103,0.0,1815049.78,1817678.7903
2020-03-12,2629.0103,0.0,1828424.43,1831053.4403
2020-03-13,2629.0103,0.0,1913422.9,1916051.9103
2020-03-16,12423.0874,1005.5906,1964831.15,1977254.2374
2020-03-17,12423.0874,0.0,2032289.87,2044712.9574
2020-03-18,12423.0874,0.0,2005398.65,2017821.7374
2020-03-19,12423.0874,0.0,2053626.62,2066049.7074
2020-03-20,12423.0874,0.0,2169289.88,2181712.9674
2020-03-23,9354.4186,595.8371,2005708.43,2015062.8486
2020-03-24,9354.4186,0.0,2026721.18,2036075.5986
2020-03-25,9354.4186,0.0,2075807.01,2085161.4286
2020-03-26,9354.4186,0.0,2068329.57,2077683.9886
2020-03-27,9354.4186,0.0,2042919.04,2052273.4586
2020-03-30,6859.7565,862.9416,2038051.95,2044911.7065
2020-03-31,6859.7565,0.0,2033540.41,2040400.1665
2020-04-01,6859.7565,0.0,2036888.64,2043748.3965
2020-04-02,6859.7565,0.0,2045974.95,2052834.7065
2020-04-03,6859.7565,0.0,2026577.3,2033437.0565
2020-04-07,9800.747,998.2436,2049481.76,2059282.507
2020-04-08,9800.747,0.0,2036401.24,2046201.987
2020-04-09,9800.747,0.0,2041357.3,2051158.047
2020-04-10,9800.747,0.0,2006041.11,2015841.857
2020-04-13,9312.8582,688.1425,1975372.5,1984685.3582
2020-04-14,9312.8582,0.0,2015371.34,2024684.1982
2020-04-15,9312.8582,0.0,2037086.16,2046399.0182
2020-04-16,9312.8582,0.0,2080482.14,2089794.9982
2020-04-17,9312.8582,0.0,2058712.72,2068025.5782
2020-04-20,10081.2774,643.201,2087818.14,2097899.4174
2020-04-21,10081.2774,0.0,2081603.48,2091684.7574
2020-04-22,10081.2774,0.0,2091886.08,2101967.3574
2020-04-23,10081.2774,0.0,2106209.44,2116290.7174
2020-04-24,10081.2774,0.0,2087627.97,2097709.2474
2020-04-27,7638.5119,381.0392,2085340.71,2092979.2219
2020-04-28,7638.5119,0.0,2066325.69,2073964.2019
2020-04-29,7638.5119,0.0,2057108.91,2064747.4219
2020-04-30,7638.5119,0.0,2073859.34,2081497.8519
2020-05-06,1923.4763,480.0496,2087104.26,2089027.7363
2020-05-07,1923.4763,0.0,2075224.91,2077148.3863
2020-05-08,1923.4763,0.0,2082147.8,2084071.2763
2020-05-11,4063.6412,447.1394,2079387.34,2083450.9812
2020-05-12,4063.6412,0.0,2075491.28,2079554.9212
2020-05-13,4063.6412,0.0,2076422.98,2080486.6212
2020-05-14,4063.6412,0.0,2058004.39,2062068.0312
2020-05-15,4063.6412,0.0,2042848.54,2046912.1812
2020-05-18,3708.7458,279.901,2015998.82,2019707.5658
2020-05-19,3708.7458,0.0,2022810.78,2026519.5258
2020-05-20,3708.7458,0.0,2000182.31,2003891.0558
2020-05-21,3708.7458,0.0,1995457.49,1999166.2358
2020-05-22,3708.7458,0.0,1980295.34,1984004.0858
2020-05-25,1111.2774,509.3026,1973061.3,1974172.5774
2020-05-26,1111.2774,0.0,1993607.35,1994718.6274
2020-05-27,1111.2774,0.0,2002373.81,2003485.0874
2020-05-28,1111.2774,0.0,2000300.13,2001411.4074
2020-05-29,1111.2774,0.0,2015301.41,2016412.6874
2020-06-01,1852.9938,439.5905,2043021.87,2044874.8638
2020-06-02,1852.9938,0.0,2050225.71,2052078.7038
2020-06-03,1852.9938,0.0,2038439.37,2040292.3638
2020-06-04,1852.9938,0.0,2042023.01,2043876.0038
2020-06-05,1852.9938,0.0,2056095.92,2057948.9138
2020-06-08,6691.1571,381.4109,2050682.95,2057374.1071
2020-06-09,6691.1571,0.0,2052348.57,2059039.7271
2020-06-10,6691.1571,0.0,2049090.17,2055781.3271
2020-06-11,6691.1571,0.0,2046258.05,2052949.2071
2020-06-12,6691.1571,0.0,2048319.04,2055010.1971
2020-06-15,6103.7472,504.5641,2049705.62,2055809.3672
2020-06-16,6103.7472,0.0,2061949.9,2068053.6472
2020-06-17,6103.7472,0.0,2070513.84,2076617.5872
2020-06-18,6103.7472,0.0,2067525.32,2073629.0672
2020-06-19,6103.7472,0.0,2066436.57,2072540.3172
2020-06-22,7264.0911,367.5766,2060179.66,2067443.7511
2020-06-23,7264.0911,0.0,2053129.91,2060394.0011
2020-06-24,7264.0911,0.0,2045850.79,2053114.8811
2020-06-29,8057.4996,589.8529,2033896.99,2041954.4896
2020-06-30,8057.4996,0.0,2042104.22,2050161.7196
2020-07-01,8057.4996,0.0,2048862.56,2056920.0596
2020-07-02,8057.4996,0.0,2077708.93,2085766.4296
2020-07-03,8057.4996,0.0,2103077.34,2111134.8396
2020-07-06,9795.2961,813.2171,2161528.4,2171323.6961
2020-07-07,9795.2961,0.0,2166444.52,2176239.8161
2020-07-08,9795.2961,0.0,2176996.25,2186791.5461
2020-07-09,9795.2961,0.0,2194991.6,2204786.8961
2020-07-10,9795.2961,0.0,2180821.92,2190617.2161
2020-07-13,7363.8941,507.4022,2222655.37,2230019.2641
2020-07-14,7363.8941,0.0,2213202.35,2220566.2441
2020-07-15,7363.8941,0.0,2195101.59,2202465.4841
2020-07-16,7363.8941,0.0,2135706.42,2143070.3141
2020-07-17,7363.8941,0.0,2140271.98,2147635.8741
2020-07-20,13047.8807,403.9584,2215536.76,2228584.6407
2020-07-21,13047.8807,0.0,2224537.71,2237585.5907
2020-07-22,13047.8807,0.0,2246633.01,2259680.8907
2020-07-23,13047.8807,0.0,2238162.04,2251209.9207
2020-07-24,13047.8807,0.0,2200190.48,2213238.3607
2020-07-27,4122.0108,648.1669,2202491.67,2206613.6808
2020-07-28,4122.0108,0.0,2221268.17,2225390.1808
2020-07-29,4122.0108,0.0,2244476.4,2248598.4108
2020-07-30,4122.0108,0.0,2252377.98,2256499.9908
2020-07-31,4122.0108,0.0,2268307.25,2272429.2608
2020-08-03,7681.3306,483.9187,2297145.85,2304827.1806
2020-08-04,7681.3306,0.0,2291116.55,2298797.8806
2020-08-05,7681.3306,0.0,2295042.29,2302723.6206
2020-08-06,7681.3306,0.0,2282179.6,2289860.9306
2020-08-07,7681.3306,0.0,2283356.91,2291038.2406
2020-08-10,9378.7379,606.4025,2305352.55,2314731.2879
2020-08-11,9378.7379,0.0,2286757.73,2296136.4679
2020-08-12,9378.7379,0.0,2293306.27,2302685.0079
2020-08-13,9378.7379,0.0,2294979.33,2304358.0679
2020-08-14,9378.7379,0.0,2299087.61,2308466.3479
2020-08-17,3169.6829,422.2886,2322166.05,2325335.7329
2020-08-18,3169.6829,0.0,2340500.96,2343670.6429
2020-08-19,3169.6829,0.0,2332947.47,2336117.1529
2020-08-20,3169.6829,0.0,2318031.72,2321201.4029
2020-08-21,3169.6829,0.0,2329585.73,2332755.4129
2020-08-24,5353.8017,611.0544,2328077.64,2333431.4417
2020-08-25,5353.8017,0.0,2328118.16,2333471.9617
2020-08-26,5353.8017,0.0,2323877.61,2329231.4117
2020-08-27,5353.8017,0.0,2315589.42,2320943.2217
2020-08-28,5353.8017,0.0,2319392.7,2324746.5017
2020-08-31,6180.4393,586.2087,2319152.74,2325333.1793
2020-09-01,6180.4393,0.0,2333960.74,2340141.1793
2020-09-02,6180.4393,0.0,2350936.34,2357116.7793
2020-09-03,6180.4393,0.0,2351879.77,2358060.2093
2020-09-04,6180.4393,0.0,2358566.46,2364746.8993
2020-09-07,5970.953,790.5814,2344448.45,2350419.403
2020-09-08,5970.953,0.0,2361937.77,2367908.723
2020-09-09,5970.953,0.0,2333201.37,2339172.323
2020-09-10,5970.953,0.0,2287692.7,2293663.653
2020-09-11,5970.953,0.0,2296149.5,2302120.453
2020-09-14,7281.7685,694.4618,2306507.55,2313789.3185
2020-09-15,7281.7685,0.0,2296782.38,2304064.1485
2020-09-16,7281.7685,0.0,2285664.43,2292946.1985
2020-09-17,7281.7685,0.0,2308845.17,2316126.9385
2020-09-18,7281.7685,0.0,2346844.97,2354126.7385
2020-09-21,11252.5068,811.4637,2363885.94,2375138.4468
2020-09-22,11252.5068,0.0,2350925.54,2362178.0468
2020-09-23,11252.5068,0.0,2355663.96,2366916.4668
2020-09-24,11252.5068,0.0,2325114.55,2336367.0568
2020-09-25,11252.5068,0.0,2312143.32,2323395.8268
2020-09-28,5938.3388,844.9021,2276647.85,2282586.1888
2020-09-29,5938.3388,0.0,2291473.46,2297411.7988
2020-09-30,5938.3388,0.0,2297787.53,2303725.8688
2020-10-09,4576.7511,781.9157,2337474.77,2342051.5211
2020-10-12,5258.5334,423.273,2374816.83,2380075.3634
2020-10-13,5258.5334,0.0,2384643.04,2389901.5734
2020-10-14,5258.5334,0.0,2376638.81,2381897.3434
2020-10-15,5258.5334,0.0,2371580.44,2376838.9734
2020-10-16,5258.5334,0.0,2381908.6,2387167.1334
2020-10-19,6540.8702,540.4663,2379854.29,2386395.1602
2020-10-20,6540.8702,0.0,2399227.96,2405768.8302
2020-10-21,6540.8702,0.0,2396102.17,2402643.0402
2020-10-22,6540.8702,0.0,2436360.04,2442900.9102
2020-10-23,6540.8702,0.0,2425963.51,2432504.3802
2020-10-26,12429.2663,845.1777,2470097.52,2482526.7863
2020-10-27,12429.2663,0.0,2469162.32,2481591.5863
2020-10-28,12429.2663,0.0,2470046.75,2482476.0163
2020-10-29,12429.2663,0.0,2465933.86,2478363.1263
2020-10-30,12429.2663,0.0,2429747.5,2442176.7663
2020-11-02,8053.488,1002.5012,2424986.59,2433040.078
2020-11-03,8053.488,0.0,2443264.05,2451317.538
2020-11-04,8053.488,0.0,2444812.68,2452866.168
2020-11-05,8053.488,0.0,2466124.47,2474177.958
2020-11-06,8053.488,0.0,2465074.69,2473128.178
2020-11-09,6176.6834,846.132,2486649.93,2492826.6134
2020-11-10,6176.6834,0.0,2485669.37,2491846.0534
2020-11-11,6176.6834,0.0,2464912.09,2471088.7734
2020-11-12,6176.6834,0.0,2470419.61,2476596.2934
2020-11-13,6176.6834,0.0,2492737.37,2498914.0534
2020-11-16,9409.8728,857.2613,2480850.94,2490260.8128
2020-11-17,9409.8728,0.0,2466652.68,2476062.5527
2020-11-18,9409.8728,0.0,2477188.52,2486598.3928
2020-11-19,9409.8728,0.0,2470687.85,2480097.7227
2020-11-20,9409.8728,0.0,2473598.73,2483008.6028
2020-11-23,3941.9726,625.4187,2489670.17,2493612.1426
2020-11-24,3941.9726,0.0,2500597.0,2504538.9726
2020-11-25,3941.9726,0.0,2512514.82,2516456.7926
2020-11-26,3941.9726,0.0,2493624.86,2497566.8326
2020-11-27,3941.9726,0.0,2492001.86,2495943.8326
2020-11-30,2743.0162,639.0495,2489959.87,2492702.8862
2020-12-01,2743.0162,0.0,2506724.01,2509467.0262
2020-12-02,2743.0162,0.0,2539626.52,2542369.5362
2020-12-03,2743.0162,0.0,2510244.4,2512987.4162
2020-12-04,2743.0162,0.0,2497593.44,2500336.4562
2020-12-07,5892.2461,666.2028,2497657.24,2503549.4861
2020-12-08,5892.2461,0.0,2505872.68,2511764.9261
2020-12-09,5892.2461,0.0,2477421.01,2483313.2561
2020-12-10,5892.2461,0.0,2477420.72,2483312.9661
2020-12-11,5892.2461,0.0,2465350.74,2471242.9861
2020-12-14,8741.8414,749.5946,2466002.05,2474743.8914
2020-12-15,8741.8414,0.0,2409119.62,2417861.4614
2020-12-16,8741.8414,0.0,2394935.28,2403677.1214
2020-12-17,8741.8414,0.0,2410963.37,2419705.2114
2020-12-18,8741.8414,0.0,2396070.31,2404812.1514
2020-12-21,4044.3343,738.7685,2409251.5,2413295.8343
2020-12-22,4044.3343,0.0,2381164.5,2385208.8343
2020-12-23,4044.3343,0.0,2370433.73,2374478.0643
2020-12-24,4044.3343,0.0,2303003.39,2307047.7243
2020-12-25,4044.3343,0.0,2321835.69,2325880.0243
2020-12-28,5109.1132,770.8624,2302445.0,2307554.1132
2020-12-29,5109.1132,0.0,2309983.92,2315093.0332
2020-12-30,5109.1132,0.0,2336640.34,2341749.4532
2020-12-31,5109.1132,0.0,2365320.13,2370429.2432
2021-01-04,2637.0936,618.7219,2382534.21,2385171.3036
2021-01-05,2637.0936,0.0,2374264.79,2376901.8836
2021-01-06,2637.0936,0.0,2379281.74,2381918.8336
2021-01-07,2637.0936,0.0,2333761.08,2336398.1736
2021-01-08,2637.0936,0.0,2320114.63,2322751.7236
2021-01-11,1214.628,706.2403,2287735.07,2288949.698
2021-01-12,1214.628,0.0,2289610.49,2290825.118
2021-01-13,1214.628,0.0,2244561.04,2245775.668
2021-01-14,1214.628,0.0,2269776.23,2270990.858
2021-01-15,1214.628,0.0,2283773.6,2284988.228
2021-01-18,3124.7638,598.1599,2295223.06,2298347.8238
2021-01-19,3124.7638,0.0,2307897.1,2311021.8638
2021-01-20,3124.7638,0.0,2307466.16,2310590.9238
2021-01-21,3124.7638,0.0,2307355.86,2310480.6238
2021-01-22,3124.7638,0.0,2298207.12,2301331.8838
2021-01-25,4108.5242,339.184,2275541.0,2279649.5242
2021-01-26,4108.5242,0.0,2264514.5,2268623.0242
2021-01-27,4108.5242,0.0,2251475.44,2255583.9642
2021-01-28,4108.5242,0.0,2236249.03,2240357.5542
2021-01-29,4108.5242,0.0,2204040.12,2208148.6442
2021-02-01,730.3141,501.4286,2195340.14,2196070.4541
2021-02-02,730.3141,0.0,2172661.25,2173391.5641
2021-02-03,730.3141,0.0,2169642.62,2170372.9341
2021-02-04,730.3141,0.0,2129357.01,2130087.3241
2021-02-05,730.3141,0.0,2116856.77,2117587.0841
2021-02-08,4187.3952,808.6685,2087723.38,2091910.7752
2021-02-09,4187.3952,0.0,2128389.7,2132577.0952
2021-02-10,4187.3952,0.0,2157402.07,2161589.4652
2021-02-18,3192.7533,415.1166,2198695.53,2201888.2833
2021-02-19,3192.7533,0.0,2258526.79,2261719.5433
2021-02-22,5494.718,540.7416,2295012.1,2300506.818
2021-02-23,5494.718,0.0,2280972.12,2286466.838
2021-02-24,5494.718,0.0,2272386.1,2277880.818
2021-02-25,5494.718,0.0,2259929.5,2265424.218
2021-02-26,5494.718,0.0,2271685.51,2277180.228
2021-03-01,4598.0307,333.4161,2293331.57,2297929.6007
2021-03-02,4598.0307,0.0,2295675.24,2300273.2707
2021-03-03,4598.0307,0.0,2321742.9,2326340.9307
2021-03-04,4598.0307,0.0,2322624.16,2327222.1907
2021-03-05,4598.0307,0.0,2367776.51,2372374.5407
2021-03-08,8060.4177,548.6233,2367936.07,2375996.4877
2021-03-09,8060.4177,0.0,2347410.64,2355471.0577
2021-03-10,8060.4177,0.0,2350075.8,2358136.2177
2021-03-11,8060.4177,0.0,2373098.22,2381158.6377
2021-03-12,8060.4177,0.0,2392061.59,2400122.0077
2021-03-15,6910.9653,711.3126,2408245.69,2415156.6553
2021-03-16,6910.9653,0.0,2417777.63,2424688.5953
2021-03-17,6910.9653,0.0,2431101.51,2438012.4753
2021-03-18,6910.9653,0.0,2439339.55,2446250.5153
2021-03-19,6910.9653,0.0,2442887.84,2449798.8053
2021-03-22,2481.8549,462.7296,2481407.29,2483889.1449
2021-03-23,2481.8549,0.0,2454018.66,2456500.5149
2021-03-24,2481.8549,0.0,2449559.03,2452040.8849
2021-03-25,2481.8549,0.0,2427138.09,2429619.9449
2021-03-26,2481.8549,0.0,2445470.55,2447952.4049
2021-03-29,3488.5031,544.3107,2441017.11,2444505.6131
2021-03-30,3488.5031,0.0,2423480.5,2426969.0031
2021-03-31,3488.5031,0.0,2413509.15,2416997.6531
2021-04-01,3488.5031,0.0,2435395.66,2438884.1631
2021-04-02,3488.5031,0.0,2425090.12,2428578.6231
2021-04-06,3547.519,470.288,2456837.15,2460384.669
2021-04-07,3547.519,0.0,2476139.12,2479686.639
2021-04-08,3547.519,0.0,2489305.06,2492852.579
2021-04-09,3547.519,0.0,2512634.1,2516181.619
2021-04-12,5217.3093,486.2976,2494368.63,2499585.9393
2021-04-13,5217.3093,0.0,2468935.73,2474153.0393
2021-04-14,5217.3093,0.0,2485708.0,2490925.3093
2021-04-15,5217.3093,0.0,2479708.43,2484925.7393
2021-04-16,5217.3093,0.0,2505508.36,2510725.6693
2021-04-19,3829.3987,465.8336,2529393.18,2533222.5787
2021-04-20,3829.3987,0.0,2542158.95,2545988.3487
2021-04-21,3829.3987,0.0,2537503.22,2541332.6187
2021-04-22,3829.3987,0.0,2543428.25,2547257.6487
2021-04-23,3829.3987,0.0,2543517.81,2547347.2087
2021-04-26,2484.1269,402.7331,2552978.29,2555462.4169
2021-04-27,2484.1269,0.0,2536544.48,2539028.6069
2021-04-28,2484.1269,0.0,2540646.88,2543131.0069
2021-04-29,2484.1269,0.0,2539863.33,2542347.4569
2021-04-30,2484.1269,0.0,2538761.25,2541245.3769
2021-05-06,603.4648,573.0682,2555134.74,2555738.2048
2021-05-07,603.4648,0.0,2563156.27,2563759.7348
2021-05-10,3418.297,359.344,2564688.51,2568106.807
2021-05-11,3418.297,0.0,2571761.97,2575180.267
2021-05-12,3418.297,0.0,2586330.23,2589748.527
2021-05-13,3418.297,0.0,2583328.92,2586747.217
2021-05-14,3418.297,0.0,2591612.1,2595030.397
2021-05-17,2369.1992,573.0129,2562263.42,2564632.6192
2021-05-18,2369.1992,0.0,2582498.74,2584867.9392
2021-05-19,2369.1992,0.0,2586766.62,2589135.8192
2021-05-20,2369.1992,0.0,2587477.93,2589847.1292
2021-05-21,2369.1992,0.0,2598667.86,2601037.0592
2021-05-24,3421.4485,362.5903,2604838.45,2608259.8985
2021-05-25,3421.4485,0.0,2618845.94,2622267.3885
2021-05-26,3421.4485,0.0,2634234.58,2637656.0285
2021-05-27,3421.4485,0.0,2653154.58,2656576.0285
2021-05-28,3421.4485,0.0,2643991.74,2647413.1885
2021-05-31,6264.6586,603.0927,2658983.47,2665248.1286
2021-06-01,6264.6586,0.0,2666956.72,2673221.3786
2021-06-02,6264.6586,0.0,2668800.79,2675065.4486
2021-06-03,6264.6586,0.0,2672030.77,2678295.4286
2021-06-04,6264.6586,0.0,2682362.26,2688626.9186
2021-06-07,6676.902,455.5776,2670565.48,2677242.382
2021-06-08,6676.902,0.0,2657152.55,2663829.452
2021-06-09,6676.902,0.0,2660930.61,2667607.512
2021-06-10,6676.902,0.0,2665560.2,2672237.102
2021-06-11,6676.902,0.0,2670501.04,2677177.942
2021-06-15,443.8201,575.5518,2649671.29,2650115.1101
2021-06-16,443.8201,0.0,2652886.53,2653330.3501
2021-06-17,443.8201,0.0,2651158.76,2651602.5801
2021-06-18,443.8201,0.0,2640347.28,2640791.1001
2021-06-21,8441.9721,493.3837,2663329.41,2671771.3821
2021-06-22,8441.9721,0.0,2684603.6,2693045.5721
2021-06-23,8441.9721,0.0,2695427.02,2703868.9921
2021-06-24,8441.9721,0.0,2710211.63,2718653.6021
2021-06-25,8441.9721,0.0,2720201.97,2728643.9421
2021-06-28,4600.2635,699.0331,2723409.12,2728009.3835
2021-06-29,4600.2635,0.0,2707719.76,2712320.0235
2021-06-30,4600.2635,0.0,2710031.13,2714631.3935
2021-07-01,4600.2635,0.0,2692760.5,2697360.7635
2021-07-02,4600.2635,0.0,2682297.17,2686897.4335
2021-07-05,9122.9516,592.7389,2701816.95,2710939.9016
2021-07-06,9122.9516,0.0,2707946.2,2717069.1516
2021-07-07,9122.9516,0.0,2718651.48,2727774.4316
2021-07-08,9122.9516,0.0,2731715.45,2740838.4016
2021-07-09,9122.9516,0.0,2749681.52,2758804.4716
2021-07-12,9919.3789,710.2031,2776247.59,2786166.9689
2021-07-13,9919.3789,0.0,2792584.43,2802503.8089
2021-07-14,9919.3789,0.0,2780653.63,2790573.0089
2021-07-15,9919.3789,0.0,2785558.55,2795477.9289
2021-07-16,9919.3789,0.0,2798210.25,2808129.6289
2021-07-19,4894.8523,613.412,2802123.77,2807018.6223
2021-07-20,4894.8523,0.0,2803016.73,2807911.5823
2021-07-21,4894.8523,0.0,2815250.63,2820145.4823
2021-07-22,4894.8523,0.0,2841301.31,2846196.1623
2021-07-23,4894.8523,0.0,2870408.3,2875303.1523
2021-07-26,9174.7665,752.9862,2828492.77,2837667.5365
2021-07-27,9174.7665,0.0,2782845.21,2792019.9765
2021-07-28,9174.7665,0.0,2757622.47,2766797.2365
2021-07-29,9174.7665,0.0,2785343.85,2794518.6165
2021-07-30,9174.7665,0.0,2820594.39,2829769.1565
2021-08-02,7087.4727,855.1944,2875028.44,2882115.9127
2021-08-03,7087.4727,0.0,2879243.29,2886330.7627
2021-08-04,7087.4727,0.0,2901437.87,2908525.3427
2021-08-05,7087.4727,0.0,2909506.51,2916593.9827
2021-08-06,7087.4727,0.0,2920816.78,2927904.2527
2021-08-09,8186.7824,755.0066,2935965.07,2944151.8524
2021-08-10,8186.7824,0.0,2944827.77,2953014.5524
2021-08-11,8186.7824,0.0,2973860.82,2982047.6024
2021-08-12,8186.7824,0.0,2973731.49,2981918.2724
2021-08-13,8186.7824,0.0,2980338.99,2988525.7724
2021-08-16,7615.6579,555.6978,2995472.06,3003087.7179
2021-08-17,7615.6579,0.0,2972168.14,2979783.7979
2021-08-18,7615.6579,0.0,2985378.43,2992994.0879
2021-08-19,7615.6579,0.0,2981412.69,2989028.3479
2021-08-20,7615.6579,0.0,2972401.84,2980017.4979
2021-08-23,4328.4251,407.1641,2993116.83,2997445.2551
2021-08-24,4328.4251,0.0,2998248.77,3002577.1951
2021-08-25,4328.4251,0.0,3031419.82,3035748.2451
2021-08-26,4328.4251,0.0,3038403.28,3042731.7051
2021-08-27,4328.4251,0.0,3042483.83,3046812.2551
2021-08-30,3290.0952,556.2245,3053006.53,3056296.6252
2021-08-31,3290.0952,0.0,3074975.48,3078265.5752
2021-09-01,3290.0952,0.0,3091573.73,3094863.8252
2021-09-02,3290.0952,0.0,3135703.37,3138993.4652
2021-09-03,3290.0952,0.0,3144882.65,3148172.7452
2021-09-06,4068.2253,698.6038,3157640.66,3161708.8853
2021-09-07,4068.2253,0.0,3198423.92,3202492.1453
2021-09-08,4068.2253,0.0,3232863.59,3236931.8153
2021-09-09,4068.2253,0.0,3231899.08,3235967.3053
2021-09-10,4068.2253,0.0,3210290.55,3214358.7753
2021-09-13,7413.8313,717.0989,3220291.75,3227705.5813
2021-09-14,7413.8313,0.0,3168569.95,3175983.7813
2021-09-15,7413.8313,0.0,3155219.43,3162633.2613
2021-09-16,7413.8313,0.0,3115782.13,3123195.9613
2021-09-17,7413.8313,0.0,3095830.07,3103243.9013
2021-09-22,5073.7198,682.7436,3103140.86,3108214.5798
2021-09-23,5073.7198,0.0,3171546.34,3176620.0598
2021-09-24,5073.7198,0.0,3144081.85,3149155.5698
